[2026/09/18 18:38:36   INFO] [Hytale] Logger Initialized
[2026/09/18 18:38:36   WARN] [org.jline] Unable to create a system terminal, creating a dumb terminal (enable debug logging for more information)
[m[2026/09/18 18:38:36   INFO]           [HytaleServer] Starting HytaleServer[m
[m[2026/09/18 18:38:36   INFO]           [HytaleServer] Loading config...[m
WARNING: A terminally deprecated method in sun.misc.Unsafe has been called
WARNING: sun.misc.Unsafe::getLong has been called by com.hypixel.hytale.codec.util.RawJsonReader (file:/home/jocelin/.gradle/caches/modules-2/files-2.1/com.hypixel.hytale/Server/0.6.7/c8ba451a9c3bc3e1b262358269f5624d10438502/Server-0.6.7.jar)
WARNING: Please consider reporting this to the maintainers of class com.hypixel.hytale.codec.util.RawJsonReader
WARNING: sun.misc.Unsafe::getLong will be removed in a future release
[m[2026/09/18 18:38:37   INFO]           [HytaleServer] Authentication mode: AUTHENTICATED[m
[m[2026/09/18 18:38:37   INFO]      [ServerAuthManager] No server tokens configured. Use /auth login to authenticate, or provide tokens via CLI/environment.[m
[m[2026/09/18 18:38:37   INFO]      [ServerAuthManager] Server session ID: 8de5250f-7c7b-4a09-ac69-f32e9b6d2c89[m
[m[2026/09/18 18:38:37   INFO]           [HytaleServer] Booting up HytaleServer - Version: 0.6.7, Revision: dce8b4d15d502277dc78942d396a52fcbbe657da[m
[m[2026/09/18 18:38:37   INFO]           [HytaleServer] Setup phase...[m
[m[2026/09/18 18:38:37   INFO]          [PluginManager] Loading pending core plugins![m
[m[2026/09/18 18:38:37   INFO]          [PluginManager] - Hytale:ConsoleModule[m
[m[2026/09/18 18:38:37   INFO]          [PluginManager] - Hytale:PermissionsModule[m
[m[2026/09/18 18:38:37   INFO]          [PluginManager] - Hytale:UpdateModule[m
[m[2026/09/18 18:38:37   INFO]          [PluginManager] - Hytale:LiveConfigModule[m
[m[2026/09/18 18:38:37   INFO]          [PluginManager] - Hytale:FlyCameraModule[m
[m[2026/09/18 18:38:37   INFO]          [PluginManager] - Hytale:AssetModule[m
[m[2026/09/18 18:38:37   INFO]          [PluginManager] - Hytale:CommonAssetModule[m
[m[2026/09/18 18:38:37   INFO]          [PluginManager] - Hytale:CosmeticsModule[m
[m[2026/09/18 18:38:37   INFO]          [PluginManager] - Hytale:ServerManager[m
[m[2026/09/18 18:38:37   INFO]          [PluginManager] - Hytale:I18nModule[m
[m[2026/09/18 18:38:37   INFO]          [PluginManager] - Hytale:ItemModule[m
[m[2026/09/18 18:38:37   INFO]          [PluginManager] - Hytale:BlockTypeModule[m
[m[2026/09/18 18:38:37   INFO]          [PluginManager] - Hytale:LegacyModule[m
[m[2026/09/18 18:38:37   INFO]          [PluginManager] - Hytale:BlockModule[m
[m[2026/09/18 18:38:37   INFO]          [PluginManager] - Hytale:BlockAnimationModule[m
[m[2026/09/18 18:38:37   INFO]          [PluginManager] - Hytale:CollisionModule[m
[m[2026/09/18 18:38:37   INFO]          [PluginManager] - Hytale:BlockSetModule[m
[m[2026/09/18 18:38:37   INFO]          [PluginManager] - Hytale:MigrationModule[m
[m[2026/09/18 18:38:37   INFO]          [PluginManager] - Hytale:BlockHealthModule[m
[m[2026/09/18 18:38:37   INFO]          [PluginManager] - Hytale:PrefabSpawnerModule[m
[m[2026/09/18 18:38:37   INFO]          [PluginManager] - Hytale:TimeModule[m
[m[2026/09/18 18:38:37   INFO]          [PluginManager] - Hytale:AnchorActionModule[m
[m[2026/09/18 18:38:37   INFO]          [PluginManager] - Hytale:InteractionModule[m
[m[2026/09/18 18:38:37   INFO]          [PluginManager] - Hytale:EntityModule[m
[m[2026/09/18 18:38:37   INFO]          [PluginManager] - Hytale:EntityStatsModule[m
[m[2026/09/18 18:38:37   INFO]          [PluginManager] - Hytale:EntityUIModule[m
[m[2026/09/18 18:38:37   INFO]          [PluginManager] - Hytale:DamageModule[m
[m[2026/09/18 18:38:37   INFO]          [PluginManager] - Hytale:SplitVelocity[m
[m[2026/09/18 18:38:37   INFO]          [PluginManager] - Hytale:StaminaModule[m
[m[2026/09/18 18:38:37   INFO]          [PluginManager] - Hytale:DebugPlugin[m
[m[2026/09/18 18:38:37   INFO]          [PluginManager] - Hytale:ProjectileModule[m
[m[2026/09/18 18:38:37   INFO]          [PluginManager] - Hytale:ServerPlayerListModule[m
[m[2026/09/18 18:38:37   INFO]          [PluginManager] - Hytale:VoiceModule[m
[m[2026/09/18 18:38:37   INFO]          [PluginManager] - Hytale:AccessControlModule[m
[m[2026/09/18 18:38:37   INFO]          [PluginManager] - Hytale:SingleplayerModule[m
[m[2026/09/18 18:38:37   INFO]          [PluginManager] - Hytale:Universe[m
[m[2026/09/18 18:38:37   INFO]          [PluginManager] - Hytale:TelemetryModule[m
[m[2026/09/18 18:38:37   INFO]          [PluginManager] - Hytale:ConnectedBlocksModule[m
[m[2026/09/18 18:38:37   INFO]          [PluginManager] - Hytale:DiscoveryModule[m
[m[2026/09/18 18:38:37   INFO]          [PluginManager] Loading pending classpath plugins![m
[m[2026/09/18 18:38:37   INFO]          [PluginManager] - Galysso:obol-aetherhaven[m
[m[2026/09/18 18:38:37   INFO]          [PluginManager] - Hytale:AssetEditor[m
[m[2026/09/18 18:38:37   INFO]          [PluginManager] - Hytale:BlockSpawner[m
[m[2026/09/18 18:38:37   INFO]          [PluginManager] - Hytale:BlockTick[m
[m[2026/09/18 18:38:37   INFO]          [PluginManager] - Hytale:BlockPhysics[m
[m[2026/09/18 18:38:37   INFO]          [PluginManager] - Hytale:BuilderTools[m
[m[2026/09/18 18:38:37   INFO]          [PluginManager] - Hytale:Crafting[m
[m[2026/09/18 18:38:37   INFO]          [PluginManager] - Hytale:CommandMacro[m
[m[2026/09/18 18:38:37   INFO]          [PluginManager] - Hytale:CompanionBlockSpawner[m
[m[2026/09/18 18:38:37   INFO]          [PluginManager] - Hytale:AugmentBlocks[m
[m[2026/09/18 18:38:37   INFO]          [PluginManager] - Hytale:GameFlags[m
[m[2026/09/18 18:38:37   INFO]          [PluginManager] - Hytale:Instances[m
[m[2026/09/18 18:38:37   INFO]          [PluginManager] - Hytale:LANDiscovery[m
[m[2026/09/18 18:38:37   INFO]          [PluginManager] - Hytale:NPC[m
[m[2026/09/18 18:38:37   INFO]          [PluginManager] - Hytale:NPCObjectives[m
[m[2026/09/18 18:38:37   INFO]          [PluginManager] - Hytale:ObjectiveReputation[m
[m[2026/09/18 18:38:37   INFO]          [PluginManager] - Hytale:Objectives[m
[m[2026/09/18 18:38:37   INFO]          [PluginManager] - Hytale:ObjectiveShop[m
[m[2026/09/18 18:38:37   INFO]          [PluginManager] - Hytale:Path[m
[m[2026/09/18 18:38:37   INFO]          [PluginManager] - Hytale:Reputation[m
[m[2026/09/18 18:38:37   INFO]          [PluginManager] - Hytale:NPCReputation[m
[m[2026/09/18 18:38:37   INFO]          [PluginManager] - Hytale:Shop[m
[m[2026/09/18 18:38:37   INFO]          [PluginManager] - Hytale:ShopReputation[m
[m[2026/09/18 18:38:37   INFO]          [PluginManager] - Hytale:NPCShop[m
[m[2026/09/18 18:38:37   INFO]          [PluginManager] - Hytale:NPCEditor[m
[m[2026/09/18 18:38:37   INFO]          [PluginManager] - Hytale:Stash[m
[m[2026/09/18 18:38:37   INFO]          [PluginManager] - Hytale:TagSet[m
[m[2026/09/18 18:38:37   INFO]          [PluginManager] - Hytale:Teleport[m
[m[2026/09/18 18:38:37   INFO]          [PluginManager] - Hytale:Fluid[m
[m[2026/09/18 18:38:37   INFO]          [PluginManager] - Hytale:Weather[m
[m[2026/09/18 18:38:37   INFO]          [PluginManager] - Hytale:WorldGen[m
[m[2026/09/18 18:38:37   INFO]          [PluginManager] - Hytale:Farming[m
[m[2026/09/18 18:38:37   INFO]          [PluginManager] - Hytale:Camera[m
[m[2026/09/18 18:38:37   INFO]          [PluginManager] - Hytale:Wilderness[m
[m[2026/09/18 18:38:37   INFO]          [PluginManager] - Hytale:WorldLocationCondition[m
[m[2026/09/18 18:38:37   INFO]          [PluginManager] - Hytale:NPCCombatActionEvaluator[m
[m[2026/09/18 18:38:37   INFO]          [PluginManager] - Hytale:Model[m
[m[2026/09/18 18:38:37   INFO]          [PluginManager] - Hytale:Mantling[m
[m[2026/09/18 18:38:37   INFO]          [PluginManager] - Hytale:SafetyRoll[m
[m[2026/09/18 18:38:37   INFO]          [PluginManager] - Hytale:SprintForce[m
[m[2026/09/18 18:38:37   INFO]          [PluginManager] - Hytale:CrouchSlide[m
[m[2026/09/18 18:38:37   INFO]          [PluginManager] - Hytale:FallingBlocks[m
[m[2026/09/18 18:38:37   INFO]          [PluginManager] - Hytale:Parkour[m
[m[2026/09/18 18:38:37   INFO]          [PluginManager] - Hytale:Mounts[m
[m[2026/09/18 18:38:37   INFO]          [PluginManager] - Hytale:HytaleGenerator[m
[m[2026/09/18 18:38:37   INFO]          [PluginManager] - Hytale:Teleporter[m
[m[2026/09/18 18:38:37   INFO]          [PluginManager] - Hytale:Memories[m
[m[2026/09/18 18:38:37   INFO]          [PluginManager] - Hytale:Deployables[m
[m[2026/09/18 18:38:37   INFO]          [PluginManager] - Hytale:Portals[m
[m[2026/09/18 18:38:37   INFO]          [PluginManager] - Hytale:Beds[m
[m[2026/09/18 18:38:37   INFO]          [PluginManager] - Hytale:WorldEvents[m
[m[2026/09/18 18:38:37   INFO]          [PluginManager] - Hytale:Ambience[m
[m[2026/09/18 18:38:37   INFO]          [PluginManager] - Hytale:Audio[m
[m[2026/09/18 18:38:37   INFO]          [PluginManager] - Hytale:CreativeHub[m
[m[2026/09/18 18:38:37   INFO]          [PluginManager] - Hytale:RandomTick[m
[m[2026/09/18 18:38:37   INFO]          [PluginManager] - Hytale:ReactiveBlocks[m
[m[2026/09/18 18:38:37   INFO]          [PluginManager] - Hytale:TriggerVolumes[m
[m[2026/09/18 18:38:37   INFO]          [PluginManager] - Hytale:Points[m
[m[2026/09/18 18:38:37   INFO]          [PluginManager] - Hytale:Locate[m
[m[2026/09/18 18:38:37   INFO]          [PluginManager] - Hytale:EncounterManager[m
[m[2026/09/18 18:38:37   INFO]          [PluginManager] Loading pending plugins from directory: mods[m
[m[2026/09/18 18:38:37   INFO]          [PluginManager] - Hexvane:Aetherhaven from path Aetherhaven-3.2.0.jar[m
[m[2026/09/18 18:38:37   INFO]          [PluginManager] - Galysso:obol-lootbag from path ObolLootbag-0.1.0.jar[m
[m[2026/09/18 18:38:37   INFO]          [PluginManager] - Galysso:obol from path Obol-0.2.0.jar[m
[m[2026/09/18 18:38:37   INFO]       [TelemetryStorage] Opened telemetry session file: telemetry/2026-09-18_18-38-37_2fdb1820.jsonl[m
[m[2026/09/18 18:38:37   INFO]       [TelemetryService] Telemetry service initialized with session ID: 2fdb1820-b0df-4283-8ab5-012a913aef30[m
[m[2026/09/18 18:38:37   INFO]          [AssetModule|P] Asset monitor enabled![m
[m[2026/09/18 18:38:37   INFO]          [AssetModule|P] Loaded pack: Hytale:Hytale from Assets.zip[m
[m[2026/09/18 18:38:37   INFO]          [AssetModule|P] Loading packs from directory: mods[m
[33m[2026/09/18 18:38:37   WARN]          [AssetModule|P] Skipping pack at Hytale_HytaleGenerator: missing or invalid manifest.json[m
[m[2026/09/18 18:38:37   INFO]          [AssetModule|P] Loaded pack: Hexvane:Aetherhaven from Aetherhaven-3.2.0.jar[m
[m[2026/09/18 18:38:37   INFO]          [AssetModule|P] Loaded pack: Galysso:obol-lootbag from ObolLootbag-0.1.0.jar[m
[33m[2026/09/18 18:38:37   WARN]          [AssetModule|P] Skipping pack at Galysso_obol-lootbag: missing or invalid manifest.json[m
[33m[2026/09/18 18:38:37   WARN]          [AssetModule|P] Skipping pack at .vine-staged-impl: missing or invalid manifest.json[m
[33m[2026/09/18 18:38:37   WARN]          [AssetModule|P] Skipping pack at Hytale_Shop: missing or invalid manifest.json[m
[m[2026/09/18 18:38:37   INFO]          [AssetModule|P] Loaded pack: Galysso:obol-aetherhaven from Galysso_obol-aetherhaven[m
[m[2026/09/18 18:38:37   INFO]          [AssetModule|P] Loaded pack: Galysso:obol from Obol-0.2.0.jar[m
[33m[2026/09/18 18:38:37   WARN]          [AssetModule|P] Skipping pack at Galysso_obol: missing or invalid manifest.json[m
[33m[2026/09/18 18:38:37   WARN]          [AssetModule|P] Skipping pack at Hexvane_Aetherhaven: missing or invalid manifest.json[m
[m[2026/09/18 18:38:37   INFO]        [ConsoleModule|P] Setup console with type: dumb-color[m
[m[2026/09/18 18:38:37   INFO]      [ServerAuthManager] Server certificate set: CN=localhost[m
[m[2026/09/18 18:38:37   INFO]          [QUICTransport] Server certificate registered for mutual auth, fingerprint: l3t5oTG4b-Qgi670ETAohyq-u_L3Ks1CJZoFPv-dyLA[m
[m[2026/09/18 18:38:37   INFO]          [QUICTransport] Using IPv4 Datagram Channel: EpollDatagramChannel(INET)...[m
[m[2026/09/18 18:38:37   INFO]          [QUICTransport] Using IPv6 Datagram Channel: EpollDatagramChannel(INET6)...[m
[33m[2026/09/18 18:38:37   WARN] [io.netty.bootstrap.Bootstrap] Unknown channel option 'IP_DONTFRAGMENT' for channel '[id: 0xb06a1f83]' of type 'class io.netty.channel.epoll.EpollDatagramChannel'[m
[33m[2026/09/18 18:38:37   WARN] [io.netty.bootstrap.Bootstrap] Unknown channel option 'IP_DONTFRAGMENT' for channel '[id: 0x13ce31fe]' of type 'class io.netty.channel.epoll.EpollDatagramChannel'[m
[m[2026/09/18 18:38:37   INFO]              [ServerManager|P] Took 355ms 680us 22ns to setup transport![m
[m[2026/09/18 18:38:38   INFO]                 [I18nModule|P] Loaded 11016 bundled default translations from /bundledDefaults/server.lang[m
[m[2026/09/18 18:38:38   INFO]             [TelemetryService] Telemetry enabled[m
[m[2026/09/18 18:38:38   INFO]              [TelemetryModule] Server telemetry is enabled[m
[m[2026/09/18 18:38:38   INFO]                [VoiceModule|P] [Voice] Registered voice stream handler[m
[m[2026/09/18 18:38:38   INFO]                [VoiceModule|P] [Voice] VoiceModule initialized (maxDistance=32.0, refDistance=4.0, enabled=true, voiceStreamSupported=true)[m
[m[2026/09/18 18:38:38   INFO]                       [obol|P] Loaded 2 balance(s)[m
[m[2026/09/18 18:38:38   INFO]    [AetherhavenBackupResource] Aetherhaven background snapshots will be included in vanilla backups as aetherhaven-backup/Aetherhaven-data.zip[m
[m[2026/09/18 18:38:38   INFO]     [AetherhavenCoreBootstrap] HStats metrics disabled: set AETHERHAVEN_HSTATS_MOD_UUID when building, or Gradle property hstats_mod_uuid (gradle.properties / -Phstats_mod_uuid=...), to your hstats.dev mod UUID at build time to enable.[m
[m[2026/09/18 18:38:38   INFO]   [PlotTokenIconPacketAdapter] Plot token icons: packet adapter registered (inventory + custom UI item grids)[m
[m[2026/09/18 18:38:38   INFO]        [PropIconPacketAdapter] Prop icons: packet adapter registered (outbound icons + inbound id remap)[m
[m[2026/09/18 18:38:38   INFO]    [AetherhavenInboundPackets] Inbound packet hooks installed on the game packet handler[m
[m[2026/09/18 18:38:39   INFO]            [DialogueBootstrap] Registered NPC actions OpenAetherhavenDialogue, BurstFestivalLettuce, and body motion WanderInRectGroundPreference[m
[m[2026/09/18 18:38:39   INFO] [AetherhavenEmbeddedSubpluginPacks] Registered embedded asset pack Hexvane:ReputationUnlocks from /mnt/HOME/PROJETS/Hytale/obol/compat/aetherhaven/build/hytale-vine-runtime/classpath/Aetherhaven-3.2.0/subplugin-packs/ReputationUnlocks[m
[m[2026/09/18 18:38:39   INFO] [AetherhavenEmbeddedSubpluginPacks] Registered embedded asset pack Hexvane:Jewelry from /mnt/HOME/PROJETS/Hytale/obol/compat/aetherhaven/build/hytale-vine-runtime/classpath/Aetherhaven-3.2.0/subplugin-packs/Jewelry[m
[m[2026/09/18 18:38:39   INFO] [AetherhavenEmbeddedSubpluginPacks] Registered embedded asset pack Hexvane:FloatingGifts from /mnt/HOME/PROJETS/Hytale/obol/compat/aetherhaven/build/hytale-vine-runtime/classpath/Aetherhaven-3.2.0/subplugin-packs/FloatingGifts[m
[m[2026/09/18 18:38:39   INFO] [AetherhavenEmbeddedSubpluginPacks] Registered embedded asset pack Hexvane:PathDesigner from /mnt/HOME/PROJETS/Hytale/obol/compat/aetherhaven/build/hytale-vine-runtime/classpath/Aetherhaven-3.2.0/subplugin-packs/PathDesigner[m
[m[2026/09/18 18:38:39   INFO] [AetherhavenEmbeddedSubpluginPacks] Registered embedded asset pack Hexvane:Bard from /mnt/HOME/PROJETS/Hytale/obol/compat/aetherhaven/build/hytale-vine-runtime/classpath/Aetherhaven-3.2.0/subplugin-packs/Bard[m
[m[2026/09/18 18:38:39   INFO] [AetherhavenEmbeddedSubpluginPacks] Registered embedded asset pack Hexvane:AdminTools from /mnt/HOME/PROJETS/Hytale/obol/compat/aetherhaven/build/hytale-vine-runtime/classpath/Aetherhaven-3.2.0/subplugin-packs/AdminTools[m
[m[2026/09/18 18:38:39   INFO] [AetherhavenEmbeddedSubpluginPacks] Registered embedded asset pack Hexvane:Rts from /mnt/HOME/PROJETS/Hytale/obol/compat/aetherhaven/build/hytale-vine-runtime/classpath/Aetherhaven-3.2.0/subplugin-packs/Rts[m
[m[2026/09/18 18:38:39   INFO] [AetherhavenEmbeddedSubpluginPacks] Registered embedded asset pack Hexvane:PatrolRoutes from /mnt/HOME/PROJETS/Hytale/obol/compat/aetherhaven/build/hytale-vine-runtime/classpath/Aetherhaven-3.2.0/subplugin-packs/PatrolRoutes[m
[m[2026/09/18 18:38:39   INFO] [AetherhavenEmbeddedSubpluginPacks] Registered embedded asset pack Hexvane:PlotCreator from /mnt/HOME/PROJETS/Hytale/obol/compat/aetherhaven/build/hytale-vine-runtime/classpath/Aetherhaven-3.2.0/subplugin-packs/PlotCreator[m
[m[2026/09/18 18:38:39   INFO] [AetherhavenEmbeddedSubpluginPacks] Registered embedded asset pack Hexvane:Quests from /mnt/HOME/PROJETS/Hytale/obol/compat/aetherhaven/build/hytale-vine-runtime/classpath/Aetherhaven-3.2.0/subplugin-packs/Quests[m
[m[2026/09/18 18:38:39   INFO] [AetherhavenEmbeddedSubpluginPacks] Registered embedded asset pack Hexvane:Economy from /mnt/HOME/PROJETS/Hytale/obol/compat/aetherhaven/build/hytale-vine-runtime/classpath/Aetherhaven-3.2.0/subplugin-packs/Economy[m
[m[2026/09/18 18:38:39   INFO] [AetherhavenEmbeddedSubpluginPacks] Registered embedded asset pack Hexvane:Commerce from /mnt/HOME/PROJETS/Hytale/obol/compat/aetherhaven/build/hytale-vine-runtime/classpath/Aetherhaven-3.2.0/subplugin-packs/Commerce[m
[m[2026/09/18 18:38:39   INFO] [AetherhavenEmbeddedSubpluginPacks] Registered embedded asset pack Hexvane:Guild from /mnt/HOME/PROJETS/Hytale/obol/compat/aetherhaven/build/hytale-vine-runtime/classpath/Aetherhaven-3.2.0/subplugin-packs/Guild[m
[m[2026/09/18 18:38:39   INFO] [AetherhavenEmbeddedSubpluginPacks] Registered embedded asset pack Hexvane:WorldNpcs from /mnt/HOME/PROJETS/Hytale/obol/compat/aetherhaven/build/hytale-vine-runtime/classpath/Aetherhaven-3.2.0/subplugin-packs/WorldNpcs[m
[m[2026/09/18 18:38:39   INFO]              [PropPrefabCache] Invalidated prefab LPF cache for 0 prop(s)[m
[m[2026/09/18 18:38:39   INFO]  [AetherhavenFeatureBootstrap] Registered feature pack Hexvane:Villagers[m
[m[2026/09/18 18:38:39   INFO]  [AetherhavenFeatureBootstrap] Registered feature pack Hexvane:FloatingGifts[m
[m[2026/09/18 18:38:39   INFO]  [AetherhavenFeatureBootstrap] Registered feature pack Hexvane:PathDesigner[m
[m[2026/09/18 18:38:39   INFO]  [AetherhavenFeatureBootstrap] Registered feature pack Hexvane:Bard[m
[m[2026/09/18 18:38:39   INFO]  [AetherhavenFeatureBootstrap] Registered feature pack Hexvane:AdminTools[m
[m[2026/09/18 18:38:39   INFO]  [AetherhavenFeatureBootstrap] Registered feature pack Hexvane:Economy[m
[m[2026/09/18 18:38:39   INFO]  [AetherhavenFeatureBootstrap] Registered feature pack Hexvane:Reputation[m
[m[2026/09/18 18:38:39   INFO]  [AetherhavenFeatureBootstrap] Registered feature pack Hexvane:Quests[m
[m[2026/09/18 18:38:39   INFO]            [AetherhavenPlugin] Jewelry tooltips use native ItemDisplay metadata (per-stack descriptions)[m
[m[2026/09/18 18:38:39   INFO]  [JewelryTooltipPacketAdapter] Jewelry rarity borders: packet adapter registered (inventory + custom UI item grids)[m
[m[2026/09/18 18:38:39   INFO]  [AetherhavenFeatureBootstrap] Registered feature pack Hexvane:Jewelry[m
[m[2026/09/18 18:38:39   INFO]  [AetherhavenFeatureBootstrap] Registered feature pack Hexvane:ReputationUnlocks[m
[m[2026/09/18 18:38:39   INFO] [RtsClientMovementPacketAdapter] RTS ClientMovement packet adapter registered[m
[m[2026/09/18 18:38:39   INFO] [RtsCommandHotbarSlotInboundAdapter] RTS command hotbar/camera packet adapter registered[m
[m[2026/09/18 18:38:39   INFO]    [AetherhavenFeatureBootstrap] Registered feature pack Hexvane:Rts[m
[m[2026/09/18 18:38:39   INFO]    [AetherhavenFeatureBootstrap] Registered feature pack Hexvane:PatrolRoutes[m
[m[2026/09/18 18:38:39   INFO] [PlotCreatorSelectionBoundsAdapter] Plot creator selection bounds packet adapter registered[m
[m[2026/09/18 18:38:39   INFO]    [AetherhavenFeatureBootstrap] Registered feature pack Hexvane:PlotCreator[m
[m[2026/09/18 18:38:39   INFO]                 [ShopPriceFiles] Loaded shop prices: 2715 entries (0 pack price key(s), 0 data override(s) from mods/Hexvane_Aetherhaven/shop_prices.json).[m
[m[2026/09/18 18:38:39   INFO]  [ShopPriceTooltipPacketAdapter] Shop price tooltips: outbound packet adapter registered[m
[m[2026/09/18 18:38:39   INFO]    [AetherhavenFeatureBootstrap] Registered feature pack Hexvane:Commerce[m
[m[2026/09/18 18:38:39   INFO]    [AetherhavenFeatureBootstrap] Registered feature pack Hexvane:Guild[m
[m[2026/09/18 18:38:39   INFO]    [AetherhavenFeatureBootstrap] Registered feature pack Hexvane:Construction[m
[m[2026/09/18 18:38:39   INFO]    [AetherhavenFeatureBootstrap] Registered feature pack Hexvane:Production[m
[m[2026/09/18 18:38:39   INFO]    [AetherhavenFeatureBootstrap] Registered feature pack Hexvane:Dialogue[m
[m[2026/09/18 18:38:39   INFO]    [AetherhavenFeatureBootstrap] Registered feature pack Hexvane:WorldNpcs[m
[m[2026/09/18 18:38:39   INFO]    [AetherhavenFeatureBootstrap] Registered feature pack Hexvane:Festivals[m
[m[2026/09/18 18:38:39   INFO]       [AetherhavenCoreBootstrap] Aetherhaven core v3.2.0 setup complete[m
[m[2026/09/18 18:38:39   INFO]                 [obol-lootbag|P] Lootbag ready (open on use, amounts hidden until opened)[m
[m[2026/09/18 18:38:39   INFO]             [AetherhavenEconomy] Economy provider: galysso:obol[m
[m[2026/09/18 18:38:39   INFO]             [obol-aetherhaven|P] Aetherhaven pays in Obol coins, one gold coin = 5s, pots and salvage give lootbags, chests are the lootbag's[m
[m[2026/09/18 18:38:39   INFO]   [EncryptedAuthCredentialStore] Loaded encrypted credentials from auth.enc[m
[m[2026/09/18 18:38:39   INFO]              [ServerAuthManager] Auth credential store: Encrypted[m
[m[2026/09/18 18:38:39   INFO]              [ServerAuthManager] Found stored credentials, attempting to restore session...[m
[m[2026/09/18 18:38:39   INFO]           [SessionServiceClient] Session Service client initialized for: https://sessions.hytale.com[m
[m[2026/09/18 18:38:39   INFO]           [SessionServiceClient] Fetching game profiles...[m
[m[2026/09/18 18:38:39   INFO]           [SessionServiceClient] Found 1 game profile(s)[m
[m[2026/09/18 18:38:39   INFO]              [ServerAuthManager] Auto-selected profile: Galysso (5e651109-b29d-41a9-b389-2484693f5de4)[m
[m[2026/09/18 18:38:39   INFO]           [SessionServiceClient] Creating game session...[m
[m[2026/09/18 18:38:40   INFO]           [SessionServiceClient] Successfully created game session[m
[m[2026/09/18 18:38:40   INFO]              [ServerAuthManager] Token refresh scheduled in 3299 seconds[m
[m[2026/09/18 18:38:40   INFO]              [ServerAuthManager] Authentication successful! Mode: OAUTH_STORE[m
[m[2026/09/18 18:38:40   INFO]              [ServerAuthManager] Session restored from stored credentials[m
[m[2026/09/18 18:38:40   INFO]                   [HytaleServer] Setup phase completed! Boot time 3sec 54ms 834us 635ns[m
[m[2026/09/18 18:38:40   INFO]                         [Hytale] Loading common assets from: /[m
[m[2026/09/18 18:38:40   INFO]            [CommonAssetModule|P] Took 85ms 608us 131ns to load 25210 assets from CommonAssetsIndex.hashes file.[m
[33m[2026/09/18 18:38:40   WARN]            [CommonAssetModule|P] Duplicated Asset Count: 921[m
[m[2026/09/18 18:38:40   INFO]                         [Hytale] Loading common assets phase completed! Boot time 3sec 140ms 769us 437ns, Took 85ms 838us 130ns[m
[m[2026/09/18 18:38:40   INFO]                         [Hytale] Loading common assets from: /[m
[m[2026/09/18 18:38:40   INFO]            [CommonAssetModule|P] Took 29ms 346us 68ns to walk file tree and load 1561 assets.[m
[33m[2026/09/18 18:38:40   WARN]            [CommonAssetModule|P] Duplicated Asset Count: 991[m
[m[2026/09/18 18:38:40   INFO]                         [Hytale] Loading common assets phase completed! Boot time 3sec 170ms 289us 814ns, Took 29ms 491us 493ns[m
[m[2026/09/18 18:38:40   INFO]                         [Hytale] Loading common assets from: /[m
[m[2026/09/18 18:38:40   INFO]            [CommonAssetModule|P] Took 268us 141ns to walk file tree and load 13 assets.[m
[33m[2026/09/18 18:38:40   WARN]            [CommonAssetModule|P] Duplicated Asset Count: 991[m
[m[2026/09/18 18:38:40   INFO]                         [Hytale] Loading common assets phase completed! Boot time 3sec 171ms 79us 767ns, Took 379us 590ns[m
[m[2026/09/18 18:38:40   INFO]                         [Hytale] Loading common assets from: /mnt/HOME/PROJETS/Hytale/obol/compat/aetherhaven/run/mods/Galysso_obol-aetherhaven[m
[33m[2026/09/18 18:38:40   WARN]            [CommonAssetModule|P] Duplicated Asset Count: 991[m
[m[2026/09/18 18:38:40   INFO]                         [Hytale] Loading common assets phase completed! Boot time 3sec 171ms 215us 753ns, Took 91us 814ns[m
[m[2026/09/18 18:38:40   INFO]                         [Hytale] Loading common assets from: /[m
[m[2026/09/18 18:38:40   INFO]            [CommonAssetModule|P] Took 340us 635ns to walk file tree and load 16 assets.[m
[33m[2026/09/18 18:38:40   WARN]            [CommonAssetModule|P] Duplicated Asset Count: 991[m
[m[2026/09/18 18:38:40   INFO]                         [Hytale] Loading common assets phase completed! Boot time 3sec 171ms 705us 6ns, Took 445us 775ns[m
[m[2026/09/18 18:38:40   INFO]                         [Hytale] Loading common assets from: /mnt/HOME/PROJETS/Hytale/obol/compat/aetherhaven/build/hytale-vine-runtime/classpath/Aetherhaven-3.2.0/subplugin-packs/ReputationUnlocks[m
[m[2026/09/18 18:38:40   INFO]            [CommonAssetModule|P] Took 394us 632ns to walk file tree and load 32 assets.[m
[33m[2026/09/18 18:38:40   WARN]            [CommonAssetModule|P] Duplicated Asset Count: 995[m
[m[2026/09/18 18:38:40   INFO]                         [Hytale] Loading common assets phase completed! Boot time 3sec 174ms 511us 307ns, Took 2ms 776us 6ns[m
[m[2026/09/18 18:38:40   INFO]                         [Hytale] Loading common assets from: /mnt/HOME/PROJETS/Hytale/obol/compat/aetherhaven/build/hytale-vine-runtime/classpath/Aetherhaven-3.2.0/subplugin-packs/Jewelry[m
[m[2026/09/18 18:38:40   INFO]            [CommonAssetModule|P] Took 1ms 43us 933ns to walk file tree and load 70 assets.[m
[33m[2026/09/18 18:38:40   WARN]            [CommonAssetModule|P] Duplicated Asset Count: 997[m
[m[2026/09/18 18:38:40   INFO]                         [Hytale] Loading common assets phase completed! Boot time 3sec 176ms 388us 682ns, Took 1ms 839us 490ns[m
[m[2026/09/18 18:38:40   INFO]                         [Hytale] Loading common assets from: /mnt/HOME/PROJETS/Hytale/obol/compat/aetherhaven/build/hytale-vine-runtime/classpath/Aetherhaven-3.2.0/subplugin-packs/FloatingGifts[m
[m[2026/09/18 18:38:40   INFO]            [CommonAssetModule|P] Took 299us 635ns to walk file tree and load 7 assets.[m
[33m[2026/09/18 18:38:40   WARN]            [CommonAssetModule|P] Duplicated Asset Count: 1000[m
[m[2026/09/18 18:38:40   INFO]                         [Hytale] Loading common assets phase completed! Boot time 3sec 176ms 977us 665ns, Took 564us 303ns[m
[m[2026/09/18 18:38:40   INFO]                         [Hytale] Loading common assets from: /mnt/HOME/PROJETS/Hytale/obol/compat/aetherhaven/build/hytale-vine-runtime/classpath/Aetherhaven-3.2.0/subplugin-packs/PathDesigner[m
[m[2026/09/18 18:38:40   INFO]            [CommonAssetModule|P] Took 174us 369ns to walk file tree and load 12 assets.[m
[33m[2026/09/18 18:38:40   WARN]            [CommonAssetModule|P] Duplicated Asset Count: 1001[m
[m[2026/09/18 18:38:40   INFO]                         [Hytale] Loading common assets phase completed! Boot time 3sec 177ms 533us 21ns, Took 503us 309ns[m
[m[2026/09/18 18:38:40   INFO]                         [Hytale] Loading common assets from: /mnt/HOME/PROJETS/Hytale/obol/compat/aetherhaven/build/hytale-vine-runtime/classpath/Aetherhaven-3.2.0/subplugin-packs/Bard[m
[m[2026/09/18 18:38:40   INFO]            [CommonAssetModule|P] Took 7ms 180us 624ns to walk file tree and load 6 assets.[m
[33m[2026/09/18 18:38:40   WARN]            [CommonAssetModule|P] Duplicated Asset Count: 1001[m
[m[2026/09/18 18:38:40   INFO]                         [Hytale] Loading common assets phase completed! Boot time 3sec 185ms 249us 700ns, Took 7ms 679us 273ns[m
[m[2026/09/18 18:38:40   INFO]                         [Hytale] Loading common assets from: /mnt/HOME/PROJETS/Hytale/obol/compat/aetherhaven/build/hytale-vine-runtime/classpath/Aetherhaven-3.2.0/subplugin-packs/AdminTools[m
[m[2026/09/18 18:38:40   INFO]            [CommonAssetModule|P] Took 108us 387ns to walk file tree and load 3 assets.[m
[33m[2026/09/18 18:38:40   WARN]            [CommonAssetModule|P] Duplicated Asset Count: 1001[m
[m[2026/09/18 18:38:40   INFO]                         [Hytale] Loading common assets phase completed! Boot time 3sec 185ms 803us 738ns, Took 510us 206ns[m
[m[2026/09/18 18:38:40   INFO]                         [Hytale] Loading common assets from: /mnt/HOME/PROJETS/Hytale/obol/compat/aetherhaven/build/hytale-vine-runtime/classpath/Aetherhaven-3.2.0/subplugin-packs/Rts[m
[m[2026/09/18 18:38:40   INFO]            [CommonAssetModule|P] Took 124us 281ns to walk file tree and load 10 assets.[m
[33m[2026/09/18 18:38:40   WARN]            [CommonAssetModule|P] Duplicated Asset Count: 1002[m
[m[2026/09/18 18:38:40   INFO]                         [Hytale] Loading common assets phase completed! Boot time 3sec 186ms 195us 715ns, Took 366us 745ns[m
[m[2026/09/18 18:38:40   INFO]                         [Hytale] Loading common assets from: /mnt/HOME/PROJETS/Hytale/obol/compat/aetherhaven/build/hytale-vine-runtime/classpath/Aetherhaven-3.2.0/subplugin-packs/PatrolRoutes[m
[m[2026/09/18 18:38:40   INFO]            [CommonAssetModule|P] Took 112us 235ns to walk file tree and load 7 assets.[m
[33m[2026/09/18 18:38:40   WARN]            [CommonAssetModule|P] Duplicated Asset Count: 1002[m
[m[2026/09/18 18:38:40   INFO]                         [Hytale] Loading common assets phase completed! Boot time 3sec 186ms 754us 228ns, Took 502us 567ns[m
[m[2026/09/18 18:38:40   INFO]                         [Hytale] Loading common assets from: /mnt/HOME/PROJETS/Hytale/obol/compat/aetherhaven/build/hytale-vine-runtime/classpath/Aetherhaven-3.2.0/subplugin-packs/PlotCreator[m
[m[2026/09/18 18:38:40   INFO]            [CommonAssetModule|P] Took 289us 922ns to walk file tree and load 28 assets.[m
[33m[2026/09/18 18:38:40   WARN]            [CommonAssetModule|P] Duplicated Asset Count: 1002[m
[m[2026/09/18 18:38:40   INFO]                         [Hytale] Loading common assets phase completed! Boot time 3sec 187ms 567us 277ns, Took 786us 410ns[m
[m[2026/09/18 18:38:40   INFO]                         [Hytale] Loading common assets from: /mnt/HOME/PROJETS/Hytale/obol/compat/aetherhaven/build/hytale-vine-runtime/classpath/Aetherhaven-3.2.0/subplugin-packs/Quests[m
[m[2026/09/18 18:38:40   INFO]            [CommonAssetModule|P] Took 110us 839ns to walk file tree and load 6 assets.[m
[33m[2026/09/18 18:38:40   WARN]            [CommonAssetModule|P] Duplicated Asset Count: 1002[m
[m[2026/09/18 18:38:40   INFO]                         [Hytale] Loading common assets phase completed! Boot time 3sec 188ms 21us 992ns, Took 427us 80ns[m
[m[2026/09/18 18:38:40   INFO]                         [Hytale] Loading common assets from: /mnt/HOME/PROJETS/Hytale/obol/compat/aetherhaven/build/hytale-vine-runtime/classpath/Aetherhaven-3.2.0/subplugin-packs/Economy[m
[m[2026/09/18 18:38:40   INFO]            [CommonAssetModule|P] Took 102us 922ns to walk file tree and load 4 assets.[m
[33m[2026/09/18 18:38:40   WARN]            [CommonAssetModule|P] Duplicated Asset Count: 1002[m
[m[2026/09/18 18:38:40   INFO]                         [Hytale] Loading common assets phase completed! Boot time 3sec 188ms 433us 177ns, Took 344us 774ns[m
[m[2026/09/18 18:38:40   INFO]                         [Hytale] Loading common assets from: /mnt/HOME/PROJETS/Hytale/obol/compat/aetherhaven/build/hytale-vine-runtime/classpath/Aetherhaven-3.2.0/subplugin-packs/Commerce[m
[m[2026/09/18 18:38:40   INFO]            [CommonAssetModule|P] Took 284us 622ns to walk file tree and load 15 assets.[m
[33m[2026/09/18 18:38:40   WARN]            [CommonAssetModule|P] Duplicated Asset Count: 1004[m
[m[2026/09/18 18:38:40   INFO]                         [Hytale] Loading common assets phase completed! Boot time 3sec 189ms 50us 435ns, Took 593us 284ns[m
[m[2026/09/18 18:38:40   INFO]                         [Hytale] Loading common assets from: /mnt/HOME/PROJETS/Hytale/obol/compat/aetherhaven/build/hytale-vine-runtime/classpath/Aetherhaven-3.2.0/subplugin-packs/Guild[m
[33m[2026/09/18 18:38:40   WARN]            [CommonAssetModule|P] Duplicated Asset Count: 1004[m
[m[2026/09/18 18:38:40   INFO]                         [Hytale] Loading common assets phase completed! Boot time 3sec 189ms 106us 509ns, Took 25us 911ns[m
[m[2026/09/18 18:38:40   INFO]                         [Hytale] Loading common assets from: /mnt/HOME/PROJETS/Hytale/obol/compat/aetherhaven/build/hytale-vine-runtime/classpath/Aetherhaven-3.2.0/subplugin-packs/WorldNpcs[m
[33m[2026/09/18 18:38:40   WARN]            [CommonAssetModule|P] Duplicated Asset Count: 1004[m
[m[2026/09/18 18:38:40   INFO]                         [Hytale] Loading common assets phase completed! Boot time 3sec 189ms 155us 724ns, Took 24us 189ns[m
[m[2026/09/18 18:38:40   INFO]                   [I18nModule|P] Loaded 10371 entries for 'zh-CN' from /Server/Languages[m
[m[2026/09/18 18:38:40   INFO]                   [I18nModule|P] Loaded 10545 entries for 'uk-UA' from /Server/Languages[m
[m[2026/09/18 18:38:40   INFO]                   [I18nModule|P] Loaded 9716 entries for 'ru-RU' from /Server/Languages[m
[m[2026/09/18 18:38:40   INFO]                   [I18nModule|P] Loaded 10545 entries for 'pt-BR' from /Server/Languages[m
[m[2026/09/18 18:38:40   INFO]                   [I18nModule|P] Loaded 11040 entries for 'en-US' from /Server/Languages[m
[m[2026/09/18 18:38:40   INFO]                   [I18nModule|P] Loaded 51 entries from /Server/Languages/fallback.lang[m
[m[2026/09/18 18:38:40   INFO]                   [I18nModule|P] Loaded 3494 entries for 'zh-TW' from /Server/Languages[m
[m[2026/09/18 18:38:40   INFO]                   [I18nModule|P] Loaded 3494 entries for 'zh-CN' from /Server/Languages[m
[m[2026/09/18 18:38:40   INFO]                   [I18nModule|P] Loaded 3494 entries for 'uk-UA' from /Server/Languages[m
[m[2026/09/18 18:38:40   INFO]                   [I18nModule|P] Loaded 3494 entries for 'tr-TR' from /Server/Languages[m
[m[2026/09/18 18:38:40   INFO]                   [I18nModule|P] Loaded 3494 entries for 'ru-RU' from /Server/Languages[m
[m[2026/09/18 18:38:40   INFO]                   [I18nModule|P] Loaded 3519 entries for 'pt-BR' from /Server/Languages[m
[m[2026/09/18 18:38:40   INFO]                   [I18nModule|P] Loaded 3494 entries for 'ko-KR' from /Server/Languages[m
[m[2026/09/18 18:38:40   INFO]                   [I18nModule|P] Loaded 3494 entries for 'ja-JP' from /Server/Languages[m
[m[2026/09/18 18:38:40   INFO]                   [I18nModule|P] Loaded 3494 entries for 'fr-FR' from /Server/Languages[m
[m[2026/09/18 18:38:40   INFO]                   [I18nModule|P] Loaded 3494 entries for 'es-ES' from /Server/Languages[m
[m[2026/09/18 18:38:40   INFO]                   [I18nModule|P] Loaded 3519 entries for 'es-419' from /Server/Languages[m
[33m[2026/09/18 18:38:40   WARN]                 [LangFileParser] /Server/Languages/en-US/aetherhaven_ui_shell.lang:90: duplicate translation key 'aetherhaven.ui.gaiaStatue.reviveTab', keeping the first definition[m
[33m[2026/09/18 18:38:40   WARN]                 [LangFileParser] /Server/Languages/en-US/aetherhaven_ui_shell.lang:91: duplicate translation key 'aetherhaven.ui.gaiaStatue.appearanceTab', keeping the first definition[m
[33m[2026/09/18 18:38:40   WARN]                 [LangFileParser] /Server/Languages/en-US/aetherhaven_ui_shell.lang:92: duplicate translation key 'aetherhaven.ui.gaiaStatue.appearanceHint', keeping the first definition[m
[33m[2026/09/18 18:38:40   WARN]                 [LangFileParser] /Server/Languages/en-US/aetherhaven_ui_shell.lang:93: duplicate translation key 'aetherhaven.ui.gaiaStatue.appearancePermission', keeping the first definition[m
[33m[2026/09/18 18:38:40   WARN]                 [LangFileParser] /Server/Languages/en-US/aetherhaven_ui_shell.lang:94: duplicate translation key 'aetherhaven.ui.gaiaStatue.appearanceFooter', keeping the first definition[m
[33m[2026/09/18 18:38:40   WARN]                 [LangFileParser] /Server/Languages/en-US/aetherhaven_ui_shell.lang:95: duplicate translation key 'aetherhaven.ui.gaiaStatue.appearanceFailed', keeping the first definition[m
[33m[2026/09/18 18:38:40   WARN]                 [LangFileParser] /Server/Languages/en-US/aetherhaven_ui_shell.lang:96: duplicate translation key 'aetherhaven.ui.gaiaStatue.selected', keeping the first definition[m
[33m[2026/09/18 18:38:40   WARN]                 [LangFileParser] /Server/Languages/en-US/aetherhaven_ui_shell.lang:97: duplicate translation key 'aetherhaven.ui.gaiaStatue.select', keeping the first definition[m
[m[2026/09/18 18:38:40   INFO]                   [I18nModule|P] Loaded 6332 entries for 'en-US' from /Server/Languages[m
[m[2026/09/18 18:38:40   INFO]                   [I18nModule|P] Loaded 3496 entries for 'de-DE' from /Server/Languages[m
[m[2026/09/18 18:38:40   INFO]                   [I18nModule|P] Loaded 2 entries for 'en-US' from /Server/Languages[m
[m[2026/09/18 18:38:40   INFO]            [AssetRegistryLoader] Loading 108 asset stores...[m
[m[2026/09/18 18:38:40   INFO]            [AssetRegistryLoader] Pre-adding assets...[m
[m[2026/09/18 18:38:40   INFO]              [CollisionModule|P] Block extents for CollisionSystem is Max=0.00000, Min=0.00000[m
[m[2026/09/18 18:38:40   INFO]                   [ItemModule|P] Computed damage data for 0 of 0 weapon items[m
[m[2026/09/18 18:38:40   INFO]                         [Hytale] Loading assets from: /Server[m
[m[2026/09/18 18:38:40   INFO]            [AssetRegistryLoader] Loading assets from /Server[m
[m[2026/09/18 18:38:40   INFO]              [CollisionModule|P] Block extents for CollisionSystem is Max=3.00000, Min=0.00000[m
[33m[2026/09/18 18:38:40   WARN]  [AssetStore|TriggerEffectAsset] Asset key 'sample_bounce_pad' for file '/Server/TriggerVolumes/Effects/sample_bounce_pad.json' has incorrect format! Expected: 'Sample_Bounce_Pad'[m
[33m[2026/09/18 18:38:40   WARN]  [AssetStore|TriggerEffectAsset] Unused key(s) in 'sample_bounce_pad' file /Server/TriggerVolumes/Effects/sample_bounce_pad.json: Effects.0.Type, Effects.1.Type, Effects.2.Type[m
[33m[2026/09/18 18:38:40   WARN]                [HytaleGenerator] Duplicate export name for asset: Volcanic1_Swamp_Bushes_Jungles_Pattern[m
[m[2026/09/18 18:38:40   INFO]                [HytaleGenerator] Exported Scanner asset with name 'Plains1_Gorges_Boulder_Scanner' with asset id 'null[m
[33m[2026/09/18 18:38:40   WARN]                [HytaleGenerator] Duplicate export name for asset: Plains1_OakPattern_Floor_Grass[m
[33m[2026/09/18 18:38:40   WARN]                [HytaleGenerator] Duplicate export name for asset: Plains1_OakPattern_Floor_Grass[m
[m[2026/09/18 18:38:40   INFO]                [HytaleGenerator] Exported Scanner asset with name 'Plains1_Gorges_Tree_Scanner' with asset id 'null[m
[33m[2026/09/18 18:38:40   WARN]                [HytaleGenerator] Duplicate export name for asset: Plains1_Sticks[m
[m[2026/09/18 18:38:40   INFO]                [HytaleGenerator] Exported Scanner asset with name 'Desert1_Dry_Scanner' with asset id 'null[m
[m[2026/09/18 18:38:40   INFO]                [HytaleGenerator] Exported Scanner asset with name 'Desert1_Palm_Scanner' with asset id 'null[m
[33m[2026/09/18 18:38:40   WARN]                [HytaleGenerator] Duplicate export name for asset: Plains1_OakPattern_Floor_Grass[m
[m[2026/09/18 18:38:40   INFO]                [HytaleGenerator] Exported Scanner asset with name 'Desert1_Oasis_Plants_2_Scanner' with asset id 'null[m
[m[2026/09/18 18:38:40   INFO]                [HytaleGenerator] Exported Scanner asset with name 'Desert1_Boab_Scanner' with asset id 'null[m
[m[2026/09/18 18:38:40   INFO]                [HytaleGenerator] Exported Scanner asset with name 'Desert1_Oasis_Grasses_Scanner' with asset id 'null[m
[m[2026/09/18 18:38:40   INFO]                [HytaleGenerator] Exported Scanner asset with name 'Desert1_Boulders_Scanner' with asset id 'null[m
[33m[2026/09/18 18:38:40   WARN]                [HytaleGenerator] Duplicate export name for asset: Desert1_Boulders_Scanner[m
[m[2026/09/18 18:38:40   INFO]                [HytaleGenerator] Exported Scanner asset with name 'Desert1_Boulders_Scanner' with asset id 'null[m
[33m[2026/09/18 18:38:40   WARN]               [BlockSetModule|P] Creating block sets: Failed to find block name 'Ingredient_Hay'[m
[33m[2026/09/18 18:38:40   WARN]               [BlockSetModule|P] Creating block sets: Failed to find block name 'Furniture_Temple_Light_Statue'[m
[33m[2026/09/18 18:38:40   WARN]               [BlockSetModule|P] Creating block sets: Failed to find block name 'Wood_Softwood_Planks'[m
[33m[2026/09/18 18:38:40   WARN]               [BlockSetModule|P] Creating block sets: Failed to find block name 'Furniture_Feran_Bed'[m
[33m[2026/09/18 18:38:40   WARN]               [BlockSetModule|P] Creating block sets: Failed to find block name 'Coop_Chicken'[m
[33m[2026/09/18 18:38:40   WARN]               [BlockSetModule|P] Creating block sets: Failed to find hitbox name 'Fence'[m
[33m[2026/09/18 18:38:40   WARN]               [BlockSetModule|P] Creating block sets: Failed to find hitbox name 'Fence_Gate'[m
[33m[2026/09/18 18:38:40   WARN]               [BlockSetModule|P] Creating block sets: Failed to find hitbox name 'Fence_Gate_Open_In'[m
[33m[2026/09/18 18:38:40   WARN]               [BlockSetModule|P] Creating block sets: Failed to find hitbox name 'Fence_Gate_Open_Out'[m
[33m[2026/09/18 18:38:40   WARN]               [BlockSetModule|P] Creating block sets: Failed to find hitbox name 'Fence_Thin'[m
[33m[2026/09/18 18:38:40   WARN]               [BlockSetModule|P] Creating block sets: Failed to find hitbox name 'Fence_Thick'[m
[33m[2026/09/18 18:38:40   WARN]               [BlockSetModule|P] Creating block sets: Failed to find hitbox name 'Fence_Corner'[m
[33m[2026/09/18 18:38:40   WARN]               [BlockSetModule|P] Creating block sets: Failed to find hitbox name 'Fence_Corner_Thin'[m
[33m[2026/09/18 18:38:40   WARN]               [BlockSetModule|P] Creating block sets: Failed to find hitbox name 'Fence_Corner_Thick'[m
[33m[2026/09/18 18:38:40   WARN]               [BlockSetModule|P] Creating block sets: Failed to find block name 'Furniture_Crude_Bed'[m
[33m[2026/09/18 18:38:40   WARN]               [BlockSetModule|P] Creating block sets: Failed to find block name 'Soil_Grass'[m
[33m[2026/09/18 18:38:40   WARN]               [BlockSetModule|P] Creating block sets: Failed to find block name 'Soil_Dirt'[m
[33m[2026/09/18 18:38:40   WARN]               [BlockSetModule|P] Creating block sets: Failed to find block name 'Soil_Dirt_Poisoned'[m
[33m[2026/09/18 18:38:40   WARN]               [BlockSetModule|P] Creating block sets: Failed to find block name 'Soil_Mud'[m
[33m[2026/09/18 18:38:40   WARN]               [BlockSetModule|P] Creating block sets: Failed to find block name 'Deco_Bone_Pile'[m
[33m[2026/09/18 18:38:40   WARN]               [BlockSetModule|P] Creating block sets: Failed to find block name 'Deco_Bone_Skulls'[m
[33m[2026/09/18 18:38:40   WARN]               [BlockSetModule|P] Creating block sets: Failed to find block name 'Soil_Gravel_Sand'[m
[33m[2026/09/18 18:38:40   WARN]               [BlockSetModule|P] Creating block sets: Failed to find block name 'Soil_Dirt'[m
[33m[2026/09/18 18:38:40   WARN]               [BlockSetModule|P] Creating block sets: Failed to find block name 'Soil_Clay'[m
[33m[2026/09/18 18:38:40   WARN]               [BlockSetModule|P] Creating block sets: Failed to find block name 'Rock_Stone'[m
[33m[2026/09/18 18:38:40   WARN]               [BlockSetModule|P] Creating block sets: Failed to find block name 'Rock_Marble'[m
[33m[2026/09/18 18:38:40   WARN]               [BlockSetModule|P] Creating block sets: Failed to find block name 'Rock_Chalk'[m
[33m[2026/09/18 18:38:40   WARN]               [BlockSetModule|P] Creating block sets: Failed to find block name 'Ingredient_Hay'[m
[33m[2026/09/18 18:38:40   WARN]               [BlockSetModule|P] Creating block sets: Failed to find block name 'Bench_Trough'[m
[m[2026/09/18 18:38:40   INFO]              [HytaleGenerator|P] Loaded Settings asset.[m
[33m[2026/09/18 18:38:40   WARN]            [AssetStore|ModelVFX] Asset key 'test' for file '/Server/Entity/ModelVFX/test.json' has incorrect format! Expected: 'Test'[m
[33m[2026/09/18 18:38:40   WARN]     [AssetStore|PrefabListAsset] Asset key 'Trees_Burnt_dead' for file '/Server/PrefabList/Trees_Burnt_dead.json' has incorrect format! Expected: 'Trees_Burnt_Dead'[m
[33m[2026/09/18 18:38:40   WARN]     [AssetStore|PrefabListAsset] Asset key 'Trees_Fir_red' for file '/Server/PrefabList/Trees_Fir_red.json' has incorrect format! Expected: 'Trees_Fir_Red'[m
[33m[2026/09/18 18:38:40   WARN]     [AssetStore|PrefabListAsset] Asset key 'Trees_Ash_twisted_Large' for file '/Server/PrefabList/Trees_Ash_twisted_Large.json' has incorrect format! Expected: 'Trees_Ash_Twisted_Large'[m
[33m[2026/09/18 18:38:40   WARN]     [AssetStore|PrefabListAsset] Asset key 'Trees_Ash_twisted' for file '/Server/PrefabList/Trees_Ash_twisted.json' has incorrect format! Expected: 'Trees_Ash_Twisted'[m
[33m[2026/09/18 18:38:40   WARN]     [AssetStore|PrefabListAsset] Asset key 'Trees_Ash_swamp_dead' for file '/Server/PrefabList/Trees_Ash_swamp_dead.json' has incorrect format! Expected: 'Trees_Ash_Swamp_Dead'[m
[33m[2026/09/18 18:38:40   WARN]     [AssetStore|PrefabListAsset] Asset key 'Trees_Ash_twisted_Giant' for file '/Server/PrefabList/Trees_Ash_twisted_Giant.json' has incorrect format! Expected: 'Trees_Ash_Twisted_Giant'[m
[33m[2026/09/18 18:38:40   WARN]     [AssetStore|PrefabListAsset] Asset key 'Trees_Ash_swamp' for file '/Server/PrefabList/Trees_Ash_swamp.json' has incorrect format! Expected: 'Trees_Ash_Swamp'[m
[33m[2026/09/18 18:38:40   WARN]                [HytaleGenerator] Duplicate export name for asset: Spawns[m
[33m[2026/09/18 18:38:40   WARN]                [HytaleGenerator] Duplicate export name for asset: Spawns[m
[m[2026/09/18 18:38:40   INFO]                 [obol-lootbag|P] Lootbag drop rules applied to 98 table(s)[m
[33m[2026/09/18 18:38:40   WARN]               [MacroCommandBase] Could not parse default argument value for argument: 'world' on Macro Command: 'settimeandgohome'.[m
No such world "Default".[m
No such world "Default".[m
[31m[2026/09/18 18:38:40 SEVERE]                           [SERR] Reallocate: 131072 to 1179648[m
[33m[2026/09/18 18:38:40   WARN]                [HytaleGenerator] Duplicate export name for asset: werstjrtydkm,[m
[33m[2026/09/18 18:38:40   WARN]                [HytaleGenerator] Duplicate export name for asset: werstjrtydkm,[m
[m[2026/09/18 18:38:40   INFO]                [HytaleGenerator] Exported Scanner asset with name 'BasicForestTreeScanner' with asset id 'null[m
[31m[2026/09/18 18:38:40 SEVERE]                           [SERR] Reallocate: 131072 to 1179648[m
[33m[2026/09/18 18:38:40   WARN]                [HytaleGenerator] Duplicate export name for asset: River-Boulders-Mask[m
[33m[2026/09/18 18:38:40   WARN]                [HytaleGenerator] Duplicate export name for asset: River-Boulders-Mask[m
[33m[2026/09/18 18:38:40   WARN]                [HytaleGenerator] Duplicate export name for asset: River-Boulders-Mask[m
[33m[2026/09/18 18:38:40   WARN]                [HytaleGenerator] Duplicate export name for asset: River-Boulders-Mask[m
[33m[2026/09/18 18:38:40   WARN]                [HytaleGenerator] Duplicate export name for asset: River-Boulders-Mask[m
[33m[2026/09/18 18:38:40   WARN]                [HytaleGenerator] Duplicate export name for asset: River-Boulders-Mask[m
[33m[2026/09/18 18:38:40   WARN]                [HytaleGenerator] Duplicate export name for asset: Peak[m
[33m[2026/09/18 18:38:40   WARN]                [HytaleGenerator] Duplicate export name for asset: Plains1-Gorges-BaseTerrain[m
[33m[2026/09/18 18:38:40   WARN]                [HytaleGenerator] Duplicate export name for asset: Taiga1_Rewood_Trees_Mask[m
[33m[2026/09/18 18:38:40   WARN]                [HytaleGenerator] Duplicate export name for asset: River-Boulders-Mask[m
[31m[2026/09/18 18:38:40 SEVERE]                           [SERR] Reallocate: 131072 to 1179648[m
[31m[2026/09/18 18:38:40 SEVERE]                           [SERR] Reallocate: 131072 to 1179648[m
[33m[2026/09/18 18:38:40   WARN]                [HytaleGenerator] Duplicate export name for asset: abc[m
[33m[2026/09/18 18:38:40   WARN]                [HytaleGenerator] Duplicate export name for asset: BasicForestTreeScanner[m
[m[2026/09/18 18:38:40   INFO]                [HytaleGenerator] Exported Scanner asset with name 'BasicForestTreeScanner' with asset id 'null[m
[33m[2026/09/18 18:38:40   WARN]                [HytaleGenerator] Duplicate export name for asset: pattern1[m
[31m[2026/09/18 18:38:40 SEVERE]                           [SERR] Reallocate: 131072 to 1179648[m
[31m[2026/09/18 18:38:40 SEVERE]                           [SERR] Reallocate: 131072 to 1179648[m
[31m[2026/09/18 18:38:40 SEVERE]                           [SERR] Reallocate: 131072 to 1179648[m
[33m[2026/09/18 18:38:40   WARN]          [AssetStore|BiomeAsset] Unused key(s) in 'Example_Graph_River' file /Server/HytaleGenerator/Biomes/Examples/Example_Graph_River.json: Terrain.Density.Inputs.0.Inputs.0.Inputs.0.Inputs.0.Inputs.0.Inputs.0.TransitionSteepness, Terrain.Density.Inputs.0.Inputs.0.Inputs.0.Inputs.0.Inputs.0.Inputs.0.TransitionPoint, Terrain.Density.Inputs.0.Inputs.0.Inputs.0.Inputs.0.Inputs.0.Inputs.0.PrintStats, Terrain.Density.Inputs.0.Inputs.0.Inputs.0.Inputs.0.Inputs.0.Inputs.0.StatsPrintInterval, Terrain.Density.Inputs.0.Inputs.0.Inputs.0.Inputs.0.Inputs.0.Inputs.0.StatsLabel, Terrain.Density.Inputs.0.Inputs.0.Inputs.0.Inputs.0.Inputs.0.Inputs.0.CacheCellSize, Terrain.Density.Inputs.0.Inputs.0.Inputs.0.Inputs.0.Inputs.0.Inputs.0.CacheCapacity[m
[33m[2026/09/18 18:38:40   WARN]                [HytaleGenerator] Duplicate export name for asset: Desert1_Rivers_Cliffs[m
[33m[2026/09/18 18:38:40   WARN]                [HytaleGenerator] Duplicate export name for asset: River-Boulders-Mask[m
[m[2026/09/18 18:38:40   INFO]                [HytaleGenerator] Exported Scanner asset with name 'Desert1_Rocky_Trees_Dry_Scanner' with asset id 'null[m
[m[2026/09/18 18:38:40   INFO]                [HytaleGenerator] Exported Scanner asset with name 'Desert1_Rocky_Trees_Palm_Scanner' with asset id 'null[m
[33m[2026/09/18 18:38:40   WARN]          [AssetStore|BiomeAsset] Unused key(s) in 'Desert1_Oasis' file /Server/HytaleGenerator/Biomes/Desert1/Desert1_Oasis.json: Props.2.Positions.Positions.OffsetX, Props.2.Positions.Positions.OffsetY, Props.2.Positions.Positions.OffsetZ, Props.3.Positions.Positions.OffsetX, Props.3.Positions.Positions.OffsetY, Props.3.Positions.Positions.OffsetZ, Props.4.Positions.Positions.OffsetX, Props.4.Positions.Positions.OffsetY, Props.4.Positions.Positions.OffsetZ, Props.5.Positions.Positions.OffsetX, Props.5.Positions.Positions.OffsetY, Props.5.Positions.Positions.OffsetZ, Props.6.Positions.Positions.OffsetX, Props.6.Positions.Positions.OffsetY, Props.6.Positions.Positions.OffsetZ[m
[33m[2026/09/18 18:38:40   WARN]         [AssetStore|Environment] Asset key 'Env_Temple_of_Gaia' for file '/Server/Environments/Unique/Env_Temple_of_Gaia.json' has incorrect format! Expected: 'Env_Temple_Of_Gaia'[m
[33m[2026/09/18 18:38:41   WARN]  [AssetStore|ScriptedBrushAsset] Asset key 'templeRandom' for file '/Server/ScriptedBrushes/Archive/templeRandom.json' has incorrect format! Expected: 'TempleRandom'[m
[33m[2026/09/18 18:38:41   WARN]  [AssetStore|ScriptedBrushAsset] Asset key 'templeFloor' for file '/Server/ScriptedBrushes/Archive/templeFloor.json' has incorrect format! Expected: 'TempleFloor'[m
[33m[2026/09/18 18:38:41   WARN]  [AssetStore|ScriptedBrushAsset] Asset key 'templePillars' for file '/Server/ScriptedBrushes/Archive/templePillars.json' has incorrect format! Expected: 'TemplePillars'[m
[33m[2026/09/18 18:38:41   WARN]  [AssetStore|ScriptedBrushAsset] Asset key 'MountainBrush_old' for file '/Server/ScriptedBrushes/Archive/MountainBrush_old.json' has incorrect format! Expected: 'MountainBrush_Old'[m
[33m[2026/09/18 18:38:41   WARN]  [AssetStore|ScriptedBrushAsset] Asset key 'templeDestruction' for file '/Server/ScriptedBrushes/Archive/templeDestruction.json' has incorrect format! Expected: 'TempleDestruction'[m
[33m[2026/09/18 18:38:41   WARN]  [AssetStore|ScriptedBrushAsset] Asset key 'moltenBall' for file '/Server/ScriptedBrushes/Archive/moltenBall.json' has incorrect format! Expected: 'MoltenBall'[m
[33m[2026/09/18 18:38:41   WARN]  [AssetStore|ScriptedBrushAsset] Asset key 'templeWalls' for file '/Server/ScriptedBrushes/Archive/templeWalls.json' has incorrect format! Expected: 'TempleWalls'[m
[33m[2026/09/18 18:38:41   WARN]  [AssetStore|ScriptedBrushAsset] Asset key 'keepDestruction' for file '/Server/ScriptedBrushes/Archive/keepDestruction.json' has incorrect format! Expected: 'KeepDestruction'[m
[33m[2026/09/18 18:38:41   WARN]  [AssetStore|ScriptedBrushAsset] Asset key 'BoulderBrush_old' for file '/Server/ScriptedBrushes/Archive/BoulderBrush_old.json' has incorrect format! Expected: 'BoulderBrush_Old'[m
[33m[2026/09/18 18:38:41   WARN]         [AssetStore|Interaction] Unused key(s) in 'Test_Zoom_Rifle_ADS_Wield' file /Server/Item/Interactions/Weapons/Gun/Test_Zoom_Rifle_ADS_Wield.json: Id[m
[33m[2026/09/18 18:38:41   WARN]         [AssetStore|Interaction] Unused key(s) in 'Test_Zoom_Rifle_ADS_Stage2' file /Server/Item/Interactions/Weapons/Gun/Test_Zoom_Rifle_ADS_Stage2.json: Id[m
[33m[2026/09/18 18:38:41   WARN]         [AssetStore|Interaction] Unused key(s) in 'Test_Zoom_Rifle_ADS_Stage1' file /Server/Item/Interactions/Weapons/Gun/Test_Zoom_Rifle_ADS_Stage1.json: Id[m
[33m[2026/09/18 18:38:41   WARN]         [AssetStore|Interaction] Unused key(s) in 'Test_Sniper_Rifle_ADS_Wield' file /Server/Item/Interactions/Weapons/Gun/Test_Sniper_Rifle_ADS_Wield.json: Id[m
[33m[2026/09/18 18:38:41   WARN]                         [Hytale] Missing interaction *DamageEntityParent_Next[m
[33m[2026/09/18 18:38:41   WARN]                         [Hytale] Missing interaction *Stamina_Bar_Flash_Interactions_0[m
[33m[2026/09/18 18:38:41   WARN]                         [Hytale] Missing interaction *Stamina_Broken_Check_Next[m
[33m[2026/09/18 18:38:41   WARN]                         [Hytale] Missing interaction *Block_Break_Adventure_Next[m
[33m[2026/09/18 18:38:41   WARN]                         [Hytale] Missing interaction *Block_Break_Adventure_Failed[m
[33m[2026/09/18 18:38:41   WARN]                         [Hytale] Missing interaction *Weapon_Battleaxe_Secondary_Guard_Bash_Interactions_0[m
[33m[2026/09/18 18:38:41   WARN]                         [Hytale] Missing interaction *Weapon_Battleaxe_Secondary_Guard_Bash_Interactions_1[m
[33m[2026/09/18 18:38:41   WARN]                         [Hytale] Missing interaction *Weapon_Shortbow_Secondary_Guard_Bash_Interactions_0[m
[33m[2026/09/18 18:38:41   WARN]                         [Hytale] Missing interaction *Weapon_Shortbow_Secondary_Guard_Bash_Interactions_1[m
[33m[2026/09/18 18:38:41   WARN]                         [Hytale] Missing interaction *Weapon_Crossbow_Secondary_Guard_Bash_Interactions_0[m
[33m[2026/09/18 18:38:41   WARN]                         [Hytale] Missing interaction *Weapon_Crossbow_Secondary_Guard_Bash_Interactions_1[m
[33m[2026/09/18 18:38:41   WARN]                         [Hytale] Missing interaction *Weapon_Crossbow_Shot_Standard_Projectile_Next[m
[33m[2026/09/18 18:38:41   WARN]                         [Hytale] Missing interaction *Common_Guard_Shove_Animation_Next[m
[33m[2026/09/18 18:38:41   WARN]                         [Hytale] Missing interaction *Weapon_Daggers_Secondary_Guard_Bash_Interactions_0[m
[33m[2026/09/18 18:38:41   WARN]                         [Hytale] Missing interaction *Weapon_Daggers_Secondary_Guard_Bash_Interactions_1[m
[33m[2026/09/18 18:38:41   WARN]                         [Hytale] Missing interaction *Bow_Two_Handed_Ability1_Arrow_Volley_Interactions_0[m
[33m[2026/09/18 18:38:41   WARN]                         [Hytale] Missing interaction *Weapon_Shield_Secondary_Guard_Bash_Interactions_0[m
[33m[2026/09/18 18:38:41   WARN]                         [Hytale] Missing interaction *Weapon_Shield_Secondary_Guard_Bash_Interactions_1[m
[33m[2026/09/18 18:38:41   WARN]                         [Hytale] Missing interaction *Stick_Attack_Next_0[m
[33m[2026/09/18 18:38:41   WARN]                         [Hytale] Missing interaction *Stick_Attack_Next_0.8[m
[33m[2026/09/18 18:38:41   WARN]                         [Hytale] Missing interaction *Weapon_Mace_Secondary_Guard_Bash_Interactions_0[m
[33m[2026/09/18 18:38:41   WARN]                         [Hytale] Missing interaction *Weapon_Mace_Secondary_Guard_Bash_Interactions_1[m
[33m[2026/09/18 18:38:41   WARN]                         [Hytale] Missing interaction *Weapon_Sword_Secondary_Guard_Bash_Interactions_0[m
[33m[2026/09/18 18:38:41   WARN]                         [Hytale] Missing interaction *Weapon_Sword_Secondary_Guard_Bash_Interactions_1[m
[33m[2026/09/18 18:38:41   WARN]                         [Hytale] Missing interaction *Bow_Two_Handed_Ability2_Arrow_Shoot_Interactions_0[m
[33m[2026/09/18 18:38:41   WARN]                         [Hytale] Missing interaction *Bow_Two_Handed_Ability2_Arrow_Shoot_Interactions_1[m
[33m[2026/09/18 18:38:41   WARN]                         [Hytale] Missing interaction *Daggers_Stab_Flurry_Left_Next[m
[33m[2026/09/18 18:38:41   WARN]                         [Hytale] Missing interaction *Daggers_Stab_Flurry_Right_Next[m
[33m[2026/09/18 18:38:41   WARN]                         [Hytale] Missing interaction *Simple_Next[m
[33m[2026/09/18 18:38:41   WARN]                         [Hytale] Missing interaction *Shortbow_Volley_Shoot_Inner_Next[m
[33m[2026/09/18 18:38:41   WARN]         [AssetStore|Interaction] Unused key(s) in '*Weapon_Sword_Signature_Vortexstrike_Spin_Selector_Next': Next[m
[33m[2026/09/18 18:38:41   WARN]         [AssetStore|Interaction] Unused key(s) in '*Weapon_Daggers_Primary_Pounce_Stab_Selector_Next': Next[m
[33m[2026/09/18 18:38:41   WARN]                         [Hytale] Missing interaction **DamageEntityParent_Next_Interactions_0[m
[33m[2026/09/18 18:38:41   WARN]                         [Hytale] Missing interaction **DamageEntityParent_Next_Interactions_1[m
[33m[2026/09/18 18:38:41   WARN]                         [Hytale] Missing interaction **DamageEntityParent_Next_Interactions_2[m
[33m[2026/09/18 18:38:41   WARN]                         [Hytale] Missing interaction **DamageEntityParent_Next_Interactions_3[m
[33m[2026/09/18 18:38:41   WARN]                         [Hytale] Missing interaction **DamageEntityParent_Next_Interactions_4[m
[33m[2026/09/18 18:38:41   WARN]                         [Hytale] Missing interaction **DamageEntityParent_Next_Interactions_5[m
[33m[2026/09/18 18:38:41   WARN]                         [Hytale] Missing interaction **DamageEntityParent_Next_Interactions_6[m
[33m[2026/09/18 18:38:41   WARN]                         [Hytale] Missing interaction **Bow_Two_Handed_Ability1_Arrow_Volley_Interactions_0_Interactions_0[m
[33m[2026/09/18 18:38:41   WARN]                         [Hytale] Missing interaction **Bow_Two_Handed_Ability1_Arrow_Volley_Interactions_0_Interactions_1[m
[33m[2026/09/18 18:38:41   WARN]                         [Hytale] Missing interaction **Weapon_Daggers_Secondary_Guard_Bash_Interactions_1_Next[m
[33m[2026/09/18 18:38:41   WARN]                         [Hytale] Missing interaction **Weapon_Shortbow_Secondary_Guard_Bash_Interactions_1_Next[m
[33m[2026/09/18 18:38:41   WARN]                         [Hytale] Missing interaction **Weapon_Sword_Secondary_Guard_Bash_Interactions_1_Next[m
[33m[2026/09/18 18:38:41   WARN]                         [Hytale] Missing interaction **Weapon_Shield_Secondary_Guard_Bash_Interactions_1_Next[m
[33m[2026/09/18 18:38:41   WARN]                         [Hytale] Missing interaction **Weapon_Crossbow_Secondary_Guard_Bash_Interactions_1_Next[m
[33m[2026/09/18 18:38:41   WARN]                         [Hytale] Missing interaction **Stick_Attack_Next_0_Interactions_1[m
[33m[2026/09/18 18:38:41   WARN]                         [Hytale] Missing interaction **Stick_Attack_Next_0.8_Interactions_1[m
[33m[2026/09/18 18:38:41   WARN]                         [Hytale] Missing interaction **Weapon_Mace_Secondary_Guard_Bash_Interactions_1_Next[m
[33m[2026/09/18 18:38:41   WARN]                         [Hytale] Missing interaction **Weapon_Battleaxe_Secondary_Guard_Bash_Interactions_1_Next[m
[33m[2026/09/18 18:38:41   WARN]                         [Hytale] Missing interaction **Weapon_Mace_Primary_Swing_Right_Charged_Selector_Next_Next[m
[33m[2026/09/18 18:38:41   WARN]                         [Hytale] Missing interaction **Weapon_Mace_Primary_Swing_Left_Charged_StaminaCondition_Next_Next_0[m
[33m[2026/09/18 18:38:41   WARN]                         [Hytale] Missing interaction **Weapon_Mace_Primary_Swing_Left_Charged_StaminaCondition_Next_Next_0.2[m
[33m[2026/09/18 18:38:41   WARN]                         [Hytale] Missing interaction **Block_Break_Failed_Next[m
[33m[2026/09/18 18:38:41   WARN]                         [Hytale] Missing interaction **Weapon_Daggers_Primary_Pounce_Sweep_Next_Interactions_0[m
[33m[2026/09/18 18:38:41   WARN]                         [Hytale] Missing interaction **Weapon_Daggers_Primary_Pounce_Sweep_Next_Interactions_1[m
[33m[2026/09/18 18:38:41   WARN]                         [Hytale] Missing interaction **Common_Guard_Shove_Selector_Next_Next[m
[33m[2026/09/18 18:38:41   WARN]                         [Hytale] Missing interaction **Weapon_Battleaxe_Primary_Downstrike_StaminaCondition_Next_Next[m
[33m[2026/09/18 18:38:41   WARN]                         [Hytale] Missing interaction **Weapon_Mace_Primary_Swing_Up_Left_Charged_Selector_Next_Next[m
[33m[2026/09/18 18:38:41   WARN]                         [Hytale] Missing interaction **Weapon_Crossbow_Damage_Combo_Projectile_Next_Next[m
[33m[2026/09/18 18:38:41   WARN]                         [Hytale] Missing interaction **Consume_Charge_Food_T2_Inner_Next_2.5_Next[m
[33m[2026/09/18 18:38:41   WARN]                         [Hytale] Missing interaction **Consume_Charge_Food_T1_Inner_Next_2.0_Next[m
[33m[2026/09/18 18:38:41   WARN]                         [Hytale] Missing interaction **Weapon_Mace_Primary_Swing_Right_Charged_StaminaCondition_Next_Next_0[m
[33m[2026/09/18 18:38:41   WARN]                         [Hytale] Missing interaction **Weapon_Mace_Primary_Swing_Right_Charged_StaminaCondition_Next_Next_0.2[m
[33m[2026/09/18 18:38:41   WARN]                         [Hytale] Missing interaction **Weapon_Daggers_Primary_Pounce_StaminaCondition_Next_Next[m
[33m[2026/09/18 18:38:41   WARN]                         [Hytale] Missing interaction **Weapon_Daggers_Primary_Pounce_Stab_Next_Interactions_0[m
[33m[2026/09/18 18:38:41   WARN]                         [Hytale] Missing interaction **Weapon_Daggers_Primary_Pounce_Stab_Next_Interactions_1[m
[33m[2026/09/18 18:38:41   WARN]                         [Hytale] Missing interaction **Weapon_Stick_Fire_Spawn_Trap_Next_Interactions_0[m
[33m[2026/09/18 18:38:41   WARN]                         [Hytale] Missing interaction **Weapon_Stick_Fire_Spawn_Trap_Next_Interactions_1[m
[33m[2026/09/18 18:38:41   WARN]                         [Hytale] Missing interaction **Weapon_Stick_Fire_Spawn_Trap_Failed_Interactions_0[m
[33m[2026/09/18 18:38:41   WARN]                         [Hytale] Missing interaction **Weapon_Mace_Primary_Swing_Left_Charged_Selector_Next_Next[m
[33m[2026/09/18 18:38:41   WARN]                         [Hytale] Missing interaction **Consume_Charge_Durability_Interactions_1_Next_3.0[m
[33m[2026/09/18 18:38:41   WARN]                         [Hytale] Missing interaction **Consume_Charge_Durability_Interactions_1_Failed[m
[33m[2026/09/18 18:38:41   WARN]                         [Hytale] Missing interaction **Weapon_Mace_Primary_Swing_Up_Left_Charged_StaminaCondition_Next_Next_0[m
[33m[2026/09/18 18:38:41   WARN]                         [Hytale] Missing interaction **Weapon_Mace_Primary_Swing_Up_Left_Charged_StaminaCondition_Next_Next_0.2[m
[33m[2026/09/18 18:38:41   WARN]                         [Hytale] Missing interaction **Weapon_Sword_Primary_Thrust_StaminaCondition_Next_Next[m
[33m[2026/09/18 18:38:41   WARN]                         [Hytale] Missing interaction **Consume_Charge_Food_T3_Inner_Next_3.0_Next[m
[33m[2026/09/18 18:38:41   WARN]                         [Hytale] Missing interaction ***Bow_Two_Handed_Ability1_Arrow_Volley_Interactions_0_Interactions_1_Next[m
[33m[2026/09/18 18:38:41   WARN]                         [Hytale] Missing interaction ***Common_Guard_Shove_Selector_Next_Next_Next[m
[33m[2026/09/18 18:38:41   WARN]                         [Hytale] Missing interaction ***Weapon_Daggers_Secondary_Guard_Bash_Interactions_1_Next_Next[m
[33m[2026/09/18 18:38:41   WARN]                         [Hytale] Missing interaction ***Consume_Charge_Food_T3_Inner_Next_3.0_Next_Interactions_0[m
[33m[2026/09/18 18:38:41   WARN]                         [Hytale] Missing interaction ***Consume_Charge_Food_T3_Inner_Next_3.0_Next_Interactions_1[m
[33m[2026/09/18 18:38:41   WARN]                         [Hytale] Missing interaction ***Consume_Charge_Food_T3_Inner_Next_3.0_Next_Interactions_2[m
[33m[2026/09/18 18:38:41   WARN]                         [Hytale] Missing interaction ***Weapon_Shortbow_Secondary_Guard_Bash_Interactions_1_Next_Next[m
[33m[2026/09/18 18:38:41   WARN]                         [Hytale] Missing interaction ***Weapon_Mace_Primary_Swing_Up_Left_Charged_Next_2.0_Interactions_2_Next[m
[33m[2026/09/18 18:38:41   WARN]                         [Hytale] Missing interaction ***Weapon_Mace_Primary_Swing_Right_Charged_Next_2.0_Interactions_2_Next[m
[33m[2026/09/18 18:38:41   WARN]                         [Hytale] Missing interaction ***Weapon_Sword_Secondary_Guard_Bash_Interactions_1_Next_Next[m
[33m[2026/09/18 18:38:41   WARN]                         [Hytale] Missing interaction ***Weapon_Shield_Secondary_Guard_Bash_Interactions_1_Next_Next[m
[33m[2026/09/18 18:38:41   WARN]                         [Hytale] Missing interaction ***Consume_Charge_Food_T1_Inner_Next_2.0_Next_Interactions_0[m
[33m[2026/09/18 18:38:41   WARN]                         [Hytale] Missing interaction ***Consume_Charge_Food_T1_Inner_Next_2.0_Next_Interactions_1[m
[33m[2026/09/18 18:38:41   WARN]                         [Hytale] Missing interaction ***Consume_Charge_Food_T1_Inner_Next_2.0_Next_Interactions_2[m
[33m[2026/09/18 18:38:41   WARN]                         [Hytale] Missing interaction ***Weapon_Mace_Primary_Swing_Left_Charged_Next_2.0_Interactions_2_Next[m
[33m[2026/09/18 18:38:41   WARN]                         [Hytale] Missing interaction ***Consume_Charge_Durability_Interactions_1_Next_3.0_Interactions_0[m
[33m[2026/09/18 18:38:41   WARN]                         [Hytale] Missing interaction ***Consume_Charge_Durability_Interactions_1_Next_3.0_Interactions_1[m
[33m[2026/09/18 18:38:41   WARN]                         [Hytale] Missing interaction ***Consume_Charge_Durability_Interactions_1_Next_3.0_Interactions_2[m
[33m[2026/09/18 18:38:41   WARN]                         [Hytale] Missing interaction ***Consume_Charge_Durability_Interactions_1_Next_3.0_Interactions_3[m
[33m[2026/09/18 18:38:41   WARN]                         [Hytale] Missing interaction ***Consume_Charge_Durability_Interactions_1_Failed_Next[m
[33m[2026/09/18 18:38:41   WARN]                         [Hytale] Missing interaction ***Weapon_Crossbow_Secondary_Guard_Bash_Interactions_1_Next_Next[m
[33m[2026/09/18 18:38:41   WARN]                         [Hytale] Missing interaction ***Weapon_Mace_Secondary_Guard_Bash_Interactions_1_Next_Next[m
[33m[2026/09/18 18:38:41   WARN]                         [Hytale] Missing interaction ***Consume_Charge_Food_T2_Inner_Next_2.5_Next_Interactions_0[m
[33m[2026/09/18 18:38:41   WARN]                         [Hytale] Missing interaction ***Consume_Charge_Food_T2_Inner_Next_2.5_Next_Interactions_1[m
[33m[2026/09/18 18:38:41   WARN]                         [Hytale] Missing interaction ***Consume_Charge_Food_T2_Inner_Next_2.5_Next_Interactions_2[m
[33m[2026/09/18 18:38:41   WARN]                         [Hytale] Missing interaction ***Weapon_Battleaxe_Secondary_Guard_Bash_Interactions_1_Next_Next[m
[33m[2026/09/18 18:38:41   WARN]                         [Hytale] Missing interaction ***Weapon_Battleaxe_Primary_Downstrike_Next_0.65_Interactions_2_Next[m
[33m[2026/09/18 18:38:41   WARN]                         [Hytale] Missing interaction ***Weapon_Daggers_Primary_Pounce_Next_0.4_Interactions_1_Next[m
[33m[2026/09/18 18:38:41   WARN]                         [Hytale] Missing interaction ***Weapon_Sword_Primary_Thrust_Next_0.65_Interactions_2_Next[m
[33m[2026/09/18 18:38:41   WARN]                         [Hytale] Missing interaction ****Bow_Two_Handed_Ability1_Arrow_Volley_Interactions_0_Interactions_1_Next_Interactions_1[m
[33m[2026/09/18 18:38:41   WARN]                         [Hytale] Missing interaction ****Bow_Two_Handed_Ability1_Arrow_Volley_Interactions_0_Interactions_1_Next_Interactions_2[m
[33m[2026/09/18 18:38:41   WARN]                         [Hytale] Missing interaction ****Weapon_Mace_Primary_Swing_Up_Left_Charged_Next_2.0_Interactions_2_Next_Interactions_0[m
[33m[2026/09/18 18:38:41   WARN]                         [Hytale] Missing interaction ****Weapon_Mace_Primary_Swing_Right_Charged_Next_2.0_Interactions_2_Next_Interactions_0[m
[33m[2026/09/18 18:38:41   WARN]                         [Hytale] Missing interaction ****Weapon_Mace_Primary_Swing_Left_Charged_Next_2.0_Interactions_2_Next_Interactions_0[m
[33m[2026/09/18 18:38:41   WARN]                         [Hytale] Missing interaction ****Weapon_Battleaxe_Primary_Downstrike_Next_0.65_Interactions_2_Next_Interactions_0[m
[33m[2026/09/18 18:38:41   WARN]                         [Hytale] Missing interaction ****Weapon_Battleaxe_Primary_Downstrike_Next_0.65_Interactions_2_Next_Interactions_1[m
[33m[2026/09/18 18:38:41   WARN]                         [Hytale] Missing interaction ****Weapon_Sword_Primary_Thrust_Next_0.65_Interactions_2_Next_Interactions_0[m
[33m[2026/09/18 18:38:41   WARN]                         [Hytale] Missing interaction ****Weapon_Sword_Primary_Thrust_Next_0.65_Interactions_2_Next_Interactions_1[m
[33m[2026/09/18 18:38:41   WARN]                         [Hytale] Missing interaction ****Weapon_Daggers_Primary_Pounce_Next_0.4_Interactions_1_Next_Interactions_0[m
[33m[2026/09/18 18:38:41   WARN]                         [Hytale] Missing interaction ****Weapon_Daggers_Primary_Pounce_Next_0.4_Interactions_1_Next_Interactions_1[m
[33m[2026/09/18 18:38:41   WARN]                         [Hytale] Missing interaction *****Bow_Two_Handed_Ability1_Arrow_Volley_Interactions_0_Interactions_1_Next_Interactions_2_Next[m
[33m[2026/09/18 18:38:41   WARN]         [AssetStore|Interaction] Unused key(s) in '**Projectile_Config_Ice_Bolt_Interactions_ProjectileMiss_Interactions_0': Effects.WorldParticles[m
[33m[2026/09/18 18:38:41   WARN]         [AssetStore|Interaction] Unused key(s) in '**Projectile_Config_Ice_Ball_Interactions_ProjectileMiss_Interactions_0': Effects.WorldParticles[m
[33m[2026/09/18 18:38:41   WARN]         [AssetStore|Interaction] Unused key(s) in '**Projectile_Config_Scarak_Seeker_Spitball_Interactions_ProjectileMiss_Interactions_0': Effects.WorldParticles[m
[33m[2026/09/18 18:38:41   WARN]         [AssetStore|Interaction] Unused key(s) in '**Projectile_Config_Scarak_Seeker_Spitball_Interactions_ProjectileHit_Interactions_0': Entity[m
[33m[2026/09/18 18:38:41   WARN]               [BlockSetModule|P] Creating block sets: Failed to find block name 'Ingredient_Hay'[m
[33m[2026/09/18 18:38:41   WARN]               [BlockSetModule|P] Creating block sets: Failed to find block name 'Furniture_Temple_Light_Statue'[m
[33m[2026/09/18 18:38:41   WARN]               [BlockSetModule|P] Creating block sets: Failed to find block name 'Wood_Softwood_Planks'[m
[33m[2026/09/18 18:38:41   WARN]               [BlockSetModule|P] Creating block sets: Failed to find block name 'Furniture_Feran_Bed'[m
[33m[2026/09/18 18:38:41   WARN]               [BlockSetModule|P] Creating block sets: Failed to find block name 'Coop_Chicken'[m
[33m[2026/09/18 18:38:41   WARN]               [BlockSetModule|P] Creating block sets: Failed to find hitbox name 'Fence'[m
[33m[2026/09/18 18:38:41   WARN]               [BlockSetModule|P] Creating block sets: Failed to find hitbox name 'Fence_Gate'[m
[33m[2026/09/18 18:38:41   WARN]               [BlockSetModule|P] Creating block sets: Failed to find hitbox name 'Fence_Gate_Open_In'[m
[33m[2026/09/18 18:38:41   WARN]               [BlockSetModule|P] Creating block sets: Failed to find hitbox name 'Fence_Gate_Open_Out'[m
[33m[2026/09/18 18:38:41   WARN]               [BlockSetModule|P] Creating block sets: Failed to find hitbox name 'Fence_Thin'[m
[33m[2026/09/18 18:38:41   WARN]               [BlockSetModule|P] Creating block sets: Failed to find hitbox name 'Fence_Thick'[m
[33m[2026/09/18 18:38:41   WARN]               [BlockSetModule|P] Creating block sets: Failed to find hitbox name 'Fence_Corner'[m
[33m[2026/09/18 18:38:41   WARN]               [BlockSetModule|P] Creating block sets: Failed to find hitbox name 'Fence_Corner_Thin'[m
[33m[2026/09/18 18:38:41   WARN]               [BlockSetModule|P] Creating block sets: Failed to find hitbox name 'Fence_Corner_Thick'[m
[33m[2026/09/18 18:38:41   WARN]               [BlockSetModule|P] Creating block sets: Failed to find block name 'Furniture_Crude_Bed'[m
[33m[2026/09/18 18:38:41   WARN]               [BlockSetModule|P] Creating block sets: Failed to find block name 'Soil_Grass'[m
[33m[2026/09/18 18:38:41   WARN]               [BlockSetModule|P] Creating block sets: Failed to find block name 'Soil_Dirt'[m
[33m[2026/09/18 18:38:41   WARN]               [BlockSetModule|P] Creating block sets: Failed to find block name 'Soil_Dirt_Poisoned'[m
[33m[2026/09/18 18:38:41   WARN]               [BlockSetModule|P] Creating block sets: Failed to find block name 'Soil_Mud'[m
[33m[2026/09/18 18:38:41   WARN]               [BlockSetModule|P] Creating block sets: Failed to find block name 'Deco_Bone_Pile'[m
[33m[2026/09/18 18:38:41   WARN]               [BlockSetModule|P] Creating block sets: Failed to find block name 'Deco_Bone_Skulls'[m
[33m[2026/09/18 18:38:41   WARN]               [BlockSetModule|P] Creating block sets: Failed to find block name 'Soil_Gravel_Sand'[m
[33m[2026/09/18 18:38:41   WARN]               [BlockSetModule|P] Creating block sets: Failed to find block name 'Soil_Dirt'[m
[33m[2026/09/18 18:38:41   WARN]               [BlockSetModule|P] Creating block sets: Failed to find block name 'Soil_Clay'[m
[33m[2026/09/18 18:38:41   WARN]               [BlockSetModule|P] Creating block sets: Failed to find block name 'Rock_Stone'[m
[33m[2026/09/18 18:38:41   WARN]               [BlockSetModule|P] Creating block sets: Failed to find block name 'Rock_Marble'[m
[33m[2026/09/18 18:38:41   WARN]               [BlockSetModule|P] Creating block sets: Failed to find block name 'Rock_Chalk'[m
[33m[2026/09/18 18:38:41   WARN]               [BlockSetModule|P] Creating block sets: Failed to find block name 'Ingredient_Hay'[m
[33m[2026/09/18 18:38:41   WARN]               [BlockSetModule|P] Creating block sets: Failed to find block name 'Bench_Trough'[m
[33m[2026/09/18 18:38:41   WARN]         [AssetStore|Interaction] Unused key(s) in '**Template_Weapon_Crossbow_InteractionVars_Guard_Bash_Interactions_1': Effects, StatModifiers[m
[33m[2026/09/18 18:38:41   WARN]         [AssetStore|Interaction] Unused key(s) in '**Weapon_Staff_Thorium_InteractionVars_Staff_Cast_Summon_Charged_Interactions_0': Costs[m
[33m[2026/09/18 18:38:41   WARN]         [AssetStore|Interaction] Unused key(s) in '**Tool_Sickle_Copper_InteractionVars_Swing_Left_Effect_Interactions_0': WorldSoundEventId[m
[33m[2026/09/18 18:38:41   WARN]         [AssetStore|Interaction] Unused key(s) in '**Weapon_Staff_Iron_InteractionVars_Staff_Cast_Summon_Charged_Interactions_0': Costs[m
[33m[2026/09/18 18:38:41   WARN]         [AssetStore|Interaction] Unused key(s) in '**Weapon_Staff_Wood_InteractionVars_Staff_Cast_Summon_Charged_Interactions_0': Costs[m
[33m[2026/09/18 18:38:41   WARN]         [AssetStore|Interaction] Unused key(s) in '**Weapon_Staff_Bone_InteractionVars_Staff_Cast_Summon_Charged_Interactions_0': Costs[m
[33m[2026/09/18 18:38:41   WARN]         [AssetStore|Interaction] Unused key(s) in '**Template_Weapon_Shield_InteractionVars_Guard_Bash_Interactions_1': Effects, StatModifiers[m
[33m[2026/09/18 18:38:41   WARN]         [AssetStore|Interaction] Unused key(s) in '**Weapon_Staff_Cobalt_InteractionVars_Staff_Cast_Summon_Charged_Interactions_0': Costs[m
[33m[2026/09/18 18:38:41   WARN]         [AssetStore|Interaction] Unused key(s) in '**Tool_Sickle_Steel_Rusty_InteractionVars_Swing_Left_Effect_Interactions_0': WorldSoundEventId[m
[33m[2026/09/18 18:38:41   WARN]         [AssetStore|Interaction] Unused key(s) in '**Tool_Sickle_Crude_InteractionVars_Swing_Right_Effect_Interactions_0': WorldSoundEventId[m
[33m[2026/09/18 18:38:41   WARN]         [AssetStore|Interaction] Unused key(s) in '**Tool_Sickle_Steel_Rusty_InteractionVars_Swing_Right_Effect_Interactions_0': WorldSoundEventId[m
[33m[2026/09/18 18:38:41   WARN]         [AssetStore|Interaction] Unused key(s) in '**Weapon_Staff_Mithril_InteractionVars_Staff_Cast_Summon_Charged_Interactions_0': Costs[m
[33m[2026/09/18 18:38:41   WARN]         [AssetStore|Interaction] Unused key(s) in '**Weapon_Staff_Bo_Bamboo_InteractionVars_Staff_Cast_Summon_Charged_Interactions_0': Costs[m
[33m[2026/09/18 18:38:41   WARN]         [AssetStore|Interaction] Unused key(s) in '**Weapon_Staff_Wood_Rotten_InteractionVars_Staff_Cast_Summon_Charged_Interactions_0': Costs[m
[33m[2026/09/18 18:38:41   WARN]         [AssetStore|Interaction] Unused key(s) in '**Weapon_Staff_Frost_InteractionVars_Staff_Cast_Summon_Charged_Interactions_0': Costs[m
[33m[2026/09/18 18:38:41   WARN]         [AssetStore|Interaction] Unused key(s) in '**Template_Weapon_Shortbow_InteractionVars_Guard_Bash_Interactions_1': Effects, StatModifiers[m
[33m[2026/09/18 18:38:41   WARN]         [AssetStore|Interaction] Unused key(s) in '**Weapon_Staff_Crystal_Red_InteractionVars_Staff_Cast_Summon_Charged_Interactions_0': Costs[m
[33m[2026/09/18 18:38:41   WARN]         [AssetStore|Interaction] Unused key(s) in '**Weapon_Staff_Wizard_InteractionVars_Staff_Cast_Summon_Charged_Interactions_0': Costs[m
[33m[2026/09/18 18:38:41   WARN]         [AssetStore|Interaction] Unused key(s) in '**Tool_Sickle_Copper_InteractionVars_Swing_Right_Effect_Interactions_0': WorldSoundEventId[m
[33m[2026/09/18 18:38:41   WARN]         [AssetStore|Interaction] Unused key(s) in '**Weapon_Staff_Crystal_Flame_InteractionVars_Fireball_Impact_2_Interactions_0': EntityStatsOnHit[m
[33m[2026/09/18 18:38:41   WARN]         [AssetStore|Interaction] Unused key(s) in '**Weapon_Shield_Copper_InteractionVars_Guard_Bash_Interactions_0': Effects, StatModifiers[m
[33m[2026/09/18 18:38:41   WARN]         [AssetStore|Interaction] Unused key(s) in '**Weapon_Staff_Crystal_Flame_InteractionVars_Fireball_Impact_3_Interactions_0': EntityStatsOnHit[m
[33m[2026/09/18 18:38:41   WARN]         [AssetStore|Interaction] Unused key(s) in '**Tool_Sickle_Iron_InteractionVars_Swing_Right_Effect_Interactions_0': WorldSoundEventId[m
[33m[2026/09/18 18:38:41   WARN]         [AssetStore|Interaction] Unused key(s) in '**Tool_Sickle_Iron_InteractionVars_Swing_Left_Effect_Interactions_0': WorldSoundEventId[m
[33m[2026/09/18 18:38:41   WARN]         [AssetStore|Interaction] Unused key(s) in '**Weapon_Staff_Cane_InteractionVars_Staff_Cast_Summon_Charged_Interactions_0': Costs[m
[33m[2026/09/18 18:38:41   WARN]         [AssetStore|Interaction] Unused key(s) in '**Weapon_Staff_Copper_InteractionVars_Staff_Cast_Summon_Charged_Interactions_0': Costs[m
[33m[2026/09/18 18:38:41   WARN]         [AssetStore|Interaction] Unused key(s) in '**Weapon_Staff_Onion_InteractionVars_Staff_Cast_Summon_Charged_Interactions_0': Costs[m
[33m[2026/09/18 18:38:41   WARN]         [AssetStore|Interaction] Unused key(s) in '**Halloween_Broomstick_InteractionVars_Staff_Cast_Summon_Charged_Interactions_0': Costs[m
[33m[2026/09/18 18:38:41   WARN]         [AssetStore|Interaction] Unused key(s) in '**Weapon_Staff_Doomed_InteractionVars_Staff_Cast_Summon_Charged_Interactions_0': Costs[m
[33m[2026/09/18 18:38:41   WARN]         [AssetStore|Interaction] Unused key(s) in '**Weapon_Staff_Adamantite_InteractionVars_Staff_Cast_Summon_Charged_Interactions_0': Costs[m
[33m[2026/09/18 18:38:41   WARN]         [AssetStore|Interaction] Unused key(s) in '**Weapon_Staff_Wood_Kweebec_InteractionVars_Staff_Cast_Summon_Charged_Interactions_0': Costs[m
[33m[2026/09/18 18:38:41   WARN]         [AssetStore|Interaction] Unused key(s) in '**Weapon_Staff_Crystal_Purple_InteractionVars_Staff_Cast_Summon_Charged_Interactions_0': Costs[m
[33m[2026/09/18 18:38:41   WARN]         [AssetStore|Interaction] Unused key(s) in '**Tool_Sickle_Crude_InteractionVars_Swing_Left_Effect_Interactions_0': WorldSoundEventId[m
[33m[2026/09/18 18:38:41   WARN]         [AssetStore|Interaction] Unused key(s) in '**Weapon_Staff_Crystal_Fire_Trork_InteractionVars_Staff_Cast_Summon_Charged_Interactions_0': Costs[m
[33m[2026/09/18 18:38:41   WARN]         [AssetStore|Interaction] Unused key(s) in '**Weapon_Staff_Bronze_InteractionVars_Staff_Cast_Summon_Charged_Interactions_0': Costs[m
[33m[2026/09/18 18:38:41   WARN]         [AssetStore|Interaction] Unused key(s) in '**Weapon_Staff_Onyxium_InteractionVars_Staff_Cast_Summon_Charged_Interactions_0': Costs[m
[33m[2026/09/18 18:38:41   WARN]         [AssetStore|Interaction] Unused key(s) in '**Weapon_Staff_Bo_Wood_InteractionVars_Staff_Cast_Summon_Charged_Interactions_0': Costs[m
[33m[2026/09/18 18:38:41   WARN]         [AssetStore|Interaction] Unused key(s) in '**Soil_Quartzite_Gravel_Half_Interactions_Secondary_Interactions_0': Categories, Set[m
[33m[2026/09/18 18:38:41   WARN]         [AssetStore|Interaction] Unused key(s) in '***Plant_Crop_Mushroom_Glowing_Green_Interactions_Secondary_Interactions_0_Next': Effects[m
[33m[2026/09/18 18:38:41   WARN]         [AssetStore|Interaction] Unused key(s) in '***Plant_Crop_Mushroom_Glowing_Red_Interactions_Secondary_Interactions_0_Next': Effects[m
[33m[2026/09/18 18:38:41   WARN]         [AssetStore|Interaction] Unused key(s) in '***Plant_Crop_Mushroom_Glowing_Orange_Interactions_Secondary_Interactions_0_Next': Effects[m
[33m[2026/09/18 18:38:41   WARN]         [AssetStore|Interaction] Unused key(s) in '***Plant_Crop_Mushroom_Glowing_Violet_Interactions_Secondary_Interactions_0_Next': Effects[m
[33m[2026/09/18 18:38:41   WARN]         [AssetStore|Interaction] Unused key(s) in '***Plant_Crop_Mushroom_Glowing_Blue_Interactions_Secondary_Interactions_0_Next': Effects[m
[33m[2026/09/18 18:38:41   WARN]         [AssetStore|Interaction] Unused key(s) in '***Plant_Crop_Mushroom_Glowing_Purple_Interactions_Secondary_Interactions_0_Next': Effects[m
[33m[2026/09/18 18:38:41   WARN]         [AssetStore|Interaction] Unused key(s) in '**Teleporter_Interactions_Use_Interactions_0': Page.ActiveState, Page.WarpNameWordList[m
[33m[2026/09/18 18:38:41   WARN]         [AssetStore|Interaction] Unused key(s) in '**Portal_Device_Interactions_Use_Interactions_0': Page.Config.GameplayConfig[m
[33m[2026/09/18 18:38:42   WARN]           [AssetStore|BlockType] Unused key(s) in '*Prototype_Geyser_State_Definitions_Off': SoundEventId[m
[33m[2026/09/18 18:38:42   WARN]           [AssetStore|BlockType] Unused key(s) in '*Prototype_Geyser_State_Definitions_On': SoundEventId[m
[33m[2026/09/18 18:38:42   WARN]         [AssetStore|Interaction] Unused key(s) in '***Teleporter_State_Definitions_Active_Interactions_Use_Interactions_0': Page.ActiveState, Page.WarpNameWordList[m
[m[2026/09/18 18:38:42   INFO]                   [ItemModule|P] Computed damage data for 0 of 0 weapon items[m
[m[2026/09/18 18:38:42   INFO]                   [ItemModule|P] Computed damage data for 221 of 265 weapon items[m
[m[2026/09/18 18:38:42   INFO]            [AssetRegistryLoader] Took 2sec 60ms 734us 786ns to load all assets[m
[m[2026/09/18 18:38:42   INFO]                         [Hytale] Loading assets from: /Server[m
[m[2026/09/18 18:38:42   INFO]            [AssetRegistryLoader] Loading assets from /Server[m
[m[2026/09/18 18:38:42   INFO]            [AssetRegistryLoader] Took 372us 597ns to load all assets[m
[m[2026/09/18 18:38:42   INFO]                         [Hytale] Loading assets from: /mnt/HOME/PROJETS/Hytale/obol/compat/aetherhaven/build/hytale-vine-runtime/classpath/Aetherhaven-3.2.0/subplugin-packs/AdminTools/Server[m
[m[2026/09/18 18:38:42   INFO]            [AssetRegistryLoader] Loading assets from /mnt/HOME/PROJETS/Hytale/obol/compat/aetherhaven/build/hytale-vine-runtime/classpath/Aetherhaven-3.2.0/subplugin-packs/AdminTools/Server[m
[33m[2026/09/18 18:38:42   WARN]                [AssetStore|Item] Unused key(s) in 'Aetherhaven_Npc_Debug_Stick' file /mnt/HOME/PROJETS/Hytale/obol/compat/aetherhaven/build/hytale-vine-runtime/classpath/Aetherhaven-3.2.0/subplugin-packs/AdminTools/Server/Item/Items/Aetherhaven/Aetherhaven_Npc_Debug_Stick.json: InteractionConfig.Creative[m
[m[2026/09/18 18:38:42   INFO]                   [ItemModule|P] Computed damage data for 0 of 0 weapon items[m
[m[2026/09/18 18:38:42   INFO]            [AssetRegistryLoader] Took 20ms 182us 18ns to load all assets[m
[m[2026/09/18 18:38:42   INFO]                         [Hytale] Loading assets from: /Server[m
[m[2026/09/18 18:38:42   INFO]            [AssetRegistryLoader] Loading assets from /Server[m
[m[2026/09/18 18:38:42   INFO]              [CollisionModule|P] Block extents for CollisionSystem is Max=3.00000, Min=0.00000[m
[33m[2026/09/18 18:38:42   WARN]     [AssetStore|RootInteraction] Unused key(s) in '*Aetherhaven_Snowball_Pile_Interactions_Use': Hint[m
[m[2026/09/18 18:38:42   INFO]                   [ItemModule|P] Computed damage data for 3 of 8 weapon items[m
[m[2026/09/18 18:38:42   INFO]             [CoinRecipeRewriter] Coin recipes under galysso:obol: 23 rewritten, 0 hidden[m
[m[2026/09/18 18:38:42   INFO]            [AssetRegistryLoader] Took 158ms 856us 261ns to load all assets[m
[m[2026/09/18 18:38:42   INFO]                         [Hytale] Loading assets from: /mnt/HOME/PROJETS/Hytale/obol/compat/aetherhaven/build/hytale-vine-runtime/classpath/Aetherhaven-3.2.0/subplugin-packs/Bard/Server[m
[m[2026/09/18 18:38:42   INFO]            [AssetRegistryLoader] Loading assets from /mnt/HOME/PROJETS/Hytale/obol/compat/aetherhaven/build/hytale-vine-runtime/classpath/Aetherhaven-3.2.0/subplugin-packs/Bard/Server[m
[m[2026/09/18 18:38:42   INFO]                   [ItemModule|P] Computed damage data for 0 of 0 weapon items[m
[m[2026/09/18 18:38:42   INFO]            [AssetRegistryLoader] Took 4ms 0us 310ns to load all assets[m
[m[2026/09/18 18:38:42   INFO]                         [Hytale] Loading assets from: /mnt/HOME/PROJETS/Hytale/obol/compat/aetherhaven/build/hytale-vine-runtime/classpath/Aetherhaven-3.2.0/subplugin-packs/Commerce/Server[m
[m[2026/09/18 18:38:42   INFO]            [AssetRegistryLoader] Loading assets from /mnt/HOME/PROJETS/Hytale/obol/compat/aetherhaven/build/hytale-vine-runtime/classpath/Aetherhaven-3.2.0/subplugin-packs/Commerce/Server[m
[m[2026/09/18 18:38:42   INFO]              [CollisionModule|P] Block extents for CollisionSystem is Max=3.00000, Min=0.00000[m
[m[2026/09/18 18:38:42   INFO]                   [ItemModule|P] Computed damage data for 0 of 0 weapon items[m
[m[2026/09/18 18:38:42   INFO]            [AssetRegistryLoader] Took 54ms 607us 706ns to load all assets[m
[m[2026/09/18 18:38:42   INFO]                         [Hytale] Loading assets from: /mnt/HOME/PROJETS/Hytale/obol/compat/aetherhaven/build/hytale-vine-runtime/classpath/Aetherhaven-3.2.0/subplugin-packs/Economy/Server[m
[m[2026/09/18 18:38:42   INFO]            [AssetRegistryLoader] Loading assets from /mnt/HOME/PROJETS/Hytale/obol/compat/aetherhaven/build/hytale-vine-runtime/classpath/Aetherhaven-3.2.0/subplugin-packs/Economy/Server[m
[m[2026/09/18 18:38:42   INFO]                   [ItemModule|P] Computed damage data for 0 of 0 weapon items[m
[m[2026/09/18 18:38:42   INFO]            [AssetRegistryLoader] Took 53ms 701us 294ns to load all assets[m
[m[2026/09/18 18:38:42   INFO]                         [Hytale] Loading assets from: /mnt/HOME/PROJETS/Hytale/obol/compat/aetherhaven/build/hytale-vine-runtime/classpath/Aetherhaven-3.2.0/subplugin-packs/FloatingGifts/Server[m
[m[2026/09/18 18:38:42   INFO]            [AssetRegistryLoader] Loading assets from /mnt/HOME/PROJETS/Hytale/obol/compat/aetherhaven/build/hytale-vine-runtime/classpath/Aetherhaven-3.2.0/subplugin-packs/FloatingGifts/Server[m
[m[2026/09/18 18:38:42   INFO]              [CollisionModule|P] Block extents for CollisionSystem is Max=3.00000, Min=0.00000[m
[m[2026/09/18 18:38:42   INFO]                   [ItemModule|P] Computed damage data for 0 of 0 weapon items[m
[m[2026/09/18 18:38:42   INFO]            [AssetRegistryLoader] Took 45ms 759us 259ns to load all assets[m
[m[2026/09/18 18:38:42   INFO]                         [Hytale] Loading assets from: /mnt/HOME/PROJETS/Hytale/obol/compat/aetherhaven/build/hytale-vine-runtime/classpath/Aetherhaven-3.2.0/subplugin-packs/Guild/Server[m
[m[2026/09/18 18:38:42   INFO]            [AssetRegistryLoader] Loading assets from /mnt/HOME/PROJETS/Hytale/obol/compat/aetherhaven/build/hytale-vine-runtime/classpath/Aetherhaven-3.2.0/subplugin-packs/Guild/Server[m
[m[2026/09/18 18:38:42   INFO]            [AssetRegistryLoader] Took 463us 788ns to load all assets[m
[m[2026/09/18 18:38:42   INFO]                         [Hytale] Loading assets from: /mnt/HOME/PROJETS/Hytale/obol/compat/aetherhaven/build/hytale-vine-runtime/classpath/Aetherhaven-3.2.0/subplugin-packs/Jewelry/Server[m
[m[2026/09/18 18:38:42   INFO]            [AssetRegistryLoader] Loading assets from /mnt/HOME/PROJETS/Hytale/obol/compat/aetherhaven/build/hytale-vine-runtime/classpath/Aetherhaven-3.2.0/subplugin-packs/Jewelry/Server[m
[m[2026/09/18 18:38:42   INFO]                   [ItemModule|P] Computed damage data for 0 of 0 weapon items[m
[m[2026/09/18 18:38:42   INFO]            [AssetRegistryLoader] Took 31ms 643us 296ns to load all assets[m
[m[2026/09/18 18:38:42   INFO]                         [Hytale] Loading assets from: /mnt/HOME/PROJETS/Hytale/obol/compat/aetherhaven/build/hytale-vine-runtime/classpath/Aetherhaven-3.2.0/subplugin-packs/PathDesigner/Server[m
[m[2026/09/18 18:38:42   INFO]            [AssetRegistryLoader] Loading assets from /mnt/HOME/PROJETS/Hytale/obol/compat/aetherhaven/build/hytale-vine-runtime/classpath/Aetherhaven-3.2.0/subplugin-packs/PathDesigner/Server[m
[m[2026/09/18 18:38:42   INFO]                   [ItemModule|P] Computed damage data for 0 of 0 weapon items[m
[m[2026/09/18 18:38:42   INFO]            [AssetRegistryLoader] Took 7ms 923us 901ns to load all assets[m
[m[2026/09/18 18:38:42   INFO]                         [Hytale] Loading assets from: /mnt/HOME/PROJETS/Hytale/obol/compat/aetherhaven/build/hytale-vine-runtime/classpath/Aetherhaven-3.2.0/subplugin-packs/PatrolRoutes/Server[m
[m[2026/09/18 18:38:42   INFO]            [AssetRegistryLoader] Loading assets from /mnt/HOME/PROJETS/Hytale/obol/compat/aetherhaven/build/hytale-vine-runtime/classpath/Aetherhaven-3.2.0/subplugin-packs/PatrolRoutes/Server[m
[m[2026/09/18 18:38:42   INFO]                   [ItemModule|P] Computed damage data for 0 of 0 weapon items[m
[m[2026/09/18 18:38:42   INFO]            [AssetRegistryLoader] Took 5ms 985us 761ns to load all assets[m
[m[2026/09/18 18:38:42   INFO]                         [Hytale] Loading assets from: /mnt/HOME/PROJETS/Hytale/obol/compat/aetherhaven/build/hytale-vine-runtime/classpath/Aetherhaven-3.2.0/subplugin-packs/PlotCreator/Server[m
[m[2026/09/18 18:38:42   INFO]            [AssetRegistryLoader] Loading assets from /mnt/HOME/PROJETS/Hytale/obol/compat/aetherhaven/build/hytale-vine-runtime/classpath/Aetherhaven-3.2.0/subplugin-packs/PlotCreator/Server[m
[33m[2026/09/18 18:38:42   WARN]         [AssetStore|Interaction] Unused key(s) in '**Aetherhaven_Plot_Creator_Staff_Bounds_Interactions_Secondary_Interactions_0': AllowIndefiniteHold[m
[33m[2026/09/18 18:38:42   WARN]         [AssetStore|Interaction] Unused key(s) in '**Aetherhaven_Plot_Creator_Staff_Bounds_Interactions_Primary_Interactions_0': AllowIndefiniteHold[m
[m[2026/09/18 18:38:42   INFO]                   [ItemModule|P] Computed damage data for 0 of 0 weapon items[m
[m[2026/09/18 18:38:42   INFO]            [AssetRegistryLoader] Took 5ms 761us 219ns to load all assets[m
[m[2026/09/18 18:38:42   INFO]                         [Hytale] Loading assets from: /mnt/HOME/PROJETS/Hytale/obol/compat/aetherhaven/build/hytale-vine-runtime/classpath/Aetherhaven-3.2.0/subplugin-packs/Quests/Server[m
[m[2026/09/18 18:38:42   INFO]            [AssetRegistryLoader] Loading assets from /mnt/HOME/PROJETS/Hytale/obol/compat/aetherhaven/build/hytale-vine-runtime/classpath/Aetherhaven-3.2.0/subplugin-packs/Quests/Server[m
[m[2026/09/18 18:38:42   INFO]              [CollisionModule|P] Block extents for CollisionSystem is Max=3.00000, Min=0.00000[m
[m[2026/09/18 18:38:42   INFO]                   [ItemModule|P] Computed damage data for 0 of 0 weapon items[m
[m[2026/09/18 18:38:42   INFO] [AssetRegistryLoader] Took 28ms 792us 336ns to load all assets[m
[m[2026/09/18 18:38:42   INFO]              [Hytale] Loading assets from: /mnt/HOME/PROJETS/Hytale/obol/compat/aetherhaven/build/hytale-vine-runtime/classpath/Aetherhaven-3.2.0/subplugin-packs/ReputationUnlocks/Server[m
[m[2026/09/18 18:38:42   INFO] [AssetRegistryLoader] Loading assets from /mnt/HOME/PROJETS/Hytale/obol/compat/aetherhaven/build/hytale-vine-runtime/classpath/Aetherhaven-3.2.0/subplugin-packs/ReputationUnlocks/Server[m
[m[2026/09/18 18:38:42   INFO]        [ItemModule|P] Computed damage data for 1 of 2 weapon items[m
[m[2026/09/18 18:38:42   INFO] [AssetRegistryLoader] Took 59ms 550us 271ns to load all assets[m
[m[2026/09/18 18:38:42   INFO]              [Hytale] Loading assets from: /mnt/HOME/PROJETS/Hytale/obol/compat/aetherhaven/build/hytale-vine-runtime/classpath/Aetherhaven-3.2.0/subplugin-packs/Rts/Server[m
[m[2026/09/18 18:38:42   INFO] [AssetRegistryLoader] Loading assets from /mnt/HOME/PROJETS/Hytale/obol/compat/aetherhaven/build/hytale-vine-runtime/classpath/Aetherhaven-3.2.0/subplugin-packs/Rts/Server[m
[m[2026/09/18 18:38:42   INFO]        [ItemModule|P] Computed damage data for 0 of 0 weapon items[m
[m[2026/09/18 18:38:42   INFO] [AssetRegistryLoader] Took 34ms 185us 135ns to load all assets[m
[m[2026/09/18 18:38:42   INFO]              [Hytale] Loading assets from: /mnt/HOME/PROJETS/Hytale/obol/compat/aetherhaven/build/hytale-vine-runtime/classpath/Aetherhaven-3.2.0/subplugin-packs/WorldNpcs/Server[m
[m[2026/09/18 18:38:42   INFO] [AssetRegistryLoader] Loading assets from /mnt/HOME/PROJETS/Hytale/obol/compat/aetherhaven/build/hytale-vine-runtime/classpath/Aetherhaven-3.2.0/subplugin-packs/WorldNpcs/Server[m
[m[2026/09/18 18:38:42   INFO] [AssetRegistryLoader] Took 876us 76ns to load all assets[m
[m[2026/09/18 18:38:42   INFO]              [Hytale] Loading assets from: /Server[m
[m[2026/09/18 18:38:42   INFO] [AssetRegistryLoader] Loading assets from /Server[m
[m[2026/09/18 18:38:42   INFO]        [ItemModule|P] Computed damage data for 0 of 0 weapon items[m
[m[2026/09/18 18:38:42   INFO] [AssetRegistryLoader] Took 19ms 748us 133ns to load all assets[m
[m[2026/09/18 18:38:42   INFO]              [Hytale] Loading assets from: /mnt/HOME/PROJETS/Hytale/obol/compat/aetherhaven/run/mods/Galysso_obol-aetherhaven/Server[m
[m[2026/09/18 18:38:42   INFO] [AssetRegistryLoader] Loading assets from /mnt/HOME/PROJETS/Hytale/obol/compat/aetherhaven/run/mods/Galysso_obol-aetherhaven/Server[m
[m[2026/09/18 18:38:42   INFO] [AssetRegistryLoader] Took 394us 983ns to load all assets[m
[m[2026/09/18 18:38:42   INFO]              [Hytale] Loading NPC assets phase...[m
[m[2026/09/18 18:38:42   INFO]               [NPC|P] Starting to load builders![m
[33m[2026/09/18 18:38:42   WARN]               [NPC|P] Replacing asset 'Test_Patrol_Path' of file '/Server/NPC/Roles/_Core/Tests_Development/Test_Patrol_Path.json' with other file '/Server/NPC/Roles/_Core/Tests/Paths/Test_Patrol_Path.json'[m
[m[2026/09/18 18:38:43   INFO]               [NPC|P] Validating loaded configurations...[m
[33m[2026/09/18 18:38:43   WARN]               [NPC|P] Animation Swipe does not exist for model Goblin![m
[33m[2026/09/18 18:38:43   WARN]               [NPC|P] Animation Idle does not exist for model Tuluk_Fisherman![m
[33m[2026/09/18 18:38:43   WARN]               [NPC|P] Animation Swipe does not exist for model Goblin_Ogre![m
[33m[2026/09/18 18:38:43   WARN]               [NPC|P] Animation Throw does not exist for model Goblin_Ogre![m
[33m[2026/09/18 18:38:43   WARN]               [NPC|P] Animation Moo does not exist for model Bison_Calf![m
[33m[2026/09/18 18:38:43   WARN]               [NPC|P] Animation Sleep does not exist for model Slug_Magma![m
[33m[2026/09/18 18:38:43   WARN]               [NPC|P] Animation Alerted does not exist for model Slug_Magma![m
[33m[2026/09/18 18:38:43   WARN]               [NPC|P] Animation Laydown does not exist for model Slug_Magma![m
[33m[2026/09/18 18:38:43   WARN]               [NPC|P] Animation Wake does not exist for model Slug_Magma![m
[33m[2026/09/18 18:38:43   WARN]               [NPC|P] Animation Alerted does not exist for model Kweebec_Rootling![m
[33m[2026/09/18 18:38:43   WARN]               [NPC|P] Animation Eat does not exist for model Spark_Living![m
[33m[2026/09/18 18:38:43   WARN]               [NPC|P] Animation Sleep does not exist for model Wraith_Lantern![m
[33m[2026/09/18 18:38:43   WARN]               [NPC|P] Animation Alerted does not exist for model Wraith_Lantern![m
[33m[2026/09/18 18:38:43   WARN]               [NPC|P] Animation Laydown does not exist for model Wraith_Lantern![m
[33m[2026/09/18 18:38:43   WARN]               [NPC|P] Animation Wake does not exist for model Wraith_Lantern![m
[33m[2026/09/18 18:38:43   WARN]               [NPC|P] Animation Eat does not exist for model Hatworm![m
[33m[2026/09/18 18:38:43   WARN]               [NPC|P] Animation Alerted does not exist for model Scarak_Broodmother![m
[33m[2026/09/18 18:38:43   WARN]               [NPC|P] Animation Alerted does not exist for model Scarak_Broodmother![m
[33m[2026/09/18 18:38:43   WARN]               [NPC|P] Animation Eat does not exist for model Lizard_Sand![m
[33m[2026/09/18 18:38:43   WARN]               [NPC|P] Animation Alerted does not exist for model Scarak_Broodmother![m
[33m[2026/09/18 18:38:43   WARN]               [NPC|P] Animation Eat does not exist for model Trillodon![m
[m[2026/09/18 18:38:43   INFO]               [NPC|P] Validation complete.[m
[m[2026/09/18 18:38:43   INFO]               [NPC|P] Loaded 992 NPC configurations, Test: 270, Component: 143, Abstract: 54, Variant: 458, Generic: 75[m
[m[2026/09/18 18:38:43   INFO]               [NPC|P] Loaded 27 EncounterManager configurations, Component: 8, Abstract: 3, Variant: 6, Generic: 10[m
[m[2026/09/18 18:38:43   INFO]               [NPC|P] Starting to load builders![m
[m[2026/09/18 18:38:43   INFO]               [NPC|P] Validating loaded configurations...[m
[33m[2026/09/18 18:38:43   WARN]               [NPC|P] Animation Swipe does not exist for model Goblin![m
[33m[2026/09/18 18:38:43   WARN]               [NPC|P] Animation Idle does not exist for model Tuluk_Fisherman![m
[33m[2026/09/18 18:38:43   WARN]               [NPC|P] Animation Swipe does not exist for model Goblin_Ogre![m
[33m[2026/09/18 18:38:43   WARN]               [NPC|P] Animation Throw does not exist for model Goblin_Ogre![m
[33m[2026/09/18 18:38:43   WARN]               [NPC|P] Animation Moo does not exist for model Bison_Calf![m
[33m[2026/09/18 18:38:43   WARN]               [NPC|P] Animation Sleep does not exist for model Slug_Magma![m
[33m[2026/09/18 18:38:43   WARN]               [NPC|P] Animation Alerted does not exist for model Slug_Magma![m
[33m[2026/09/18 18:38:43   WARN]               [NPC|P] Animation Laydown does not exist for model Slug_Magma![m
[33m[2026/09/18 18:38:43   WARN]               [NPC|P] Animation Wake does not exist for model Slug_Magma![m
[33m[2026/09/18 18:38:43   WARN]               [NPC|P] Animation Alerted does not exist for model Kweebec_Rootling![m
[33m[2026/09/18 18:38:43   WARN]               [NPC|P] Animation Eat does not exist for model Spark_Living![m
[33m[2026/09/18 18:38:43   WARN]               [NPC|P] Animation Sleep does not exist for model Wraith_Lantern![m
[33m[2026/09/18 18:38:43   WARN]               [NPC|P] Animation Alerted does not exist for model Wraith_Lantern![m
[33m[2026/09/18 18:38:43   WARN]               [NPC|P] Animation Laydown does not exist for model Wraith_Lantern![m
[33m[2026/09/18 18:38:43   WARN]               [NPC|P] Animation Wake does not exist for model Wraith_Lantern![m
[33m[2026/09/18 18:38:43   WARN]               [NPC|P] Animation Eat does not exist for model Hatworm![m
[33m[2026/09/18 18:38:43   WARN]               [NPC|P] Animation Alerted does not exist for model Scarak_Broodmother![m
[33m[2026/09/18 18:38:43   WARN]               [NPC|P] Animation Alerted does not exist for model Scarak_Broodmother![m
[33m[2026/09/18 18:38:43   WARN]               [NPC|P] Animation Eat does not exist for model Lizard_Sand![m
[33m[2026/09/18 18:38:43   WARN]               [NPC|P] Animation Alerted does not exist for model Scarak_Broodmother![m
[33m[2026/09/18 18:38:43   WARN]               [NPC|P] Animation Eat does not exist for model Trillodon![m
[m[2026/09/18 18:38:43   INFO]               [NPC|P] Validation complete.[m
[m[2026/09/18 18:38:43   INFO]               [NPC|P] Starting to load builders![m
[m[2026/09/18 18:38:43   INFO]               [NPC|P] Validating loaded configurations...[m
[33m[2026/09/18 18:38:43   WARN]               [NPC|P] Animation Swipe does not exist for model Goblin![m
[33m[2026/09/18 18:38:43   WARN]               [NPC|P] Animation Idle does not exist for model Tuluk_Fisherman![m
[33m[2026/09/18 18:38:43   WARN]               [NPC|P] Animation Swipe does not exist for model Goblin_Ogre![m
[33m[2026/09/18 18:38:43   WARN]               [NPC|P] Animation Throw does not exist for model Goblin_Ogre![m
[33m[2026/09/18 18:38:43   WARN]               [NPC|P] Animation Moo does not exist for model Bison_Calf![m
[33m[2026/09/18 18:38:43   WARN]               [NPC|P] Animation Sleep does not exist for model Slug_Magma![m
[33m[2026/09/18 18:38:43   WARN]               [NPC|P] Animation Alerted does not exist for model Slug_Magma![m
[33m[2026/09/18 18:38:43   WARN]               [NPC|P] Animation Laydown does not exist for model Slug_Magma![m
[33m[2026/09/18 18:38:43   WARN]               [NPC|P] Animation Wake does not exist for model Slug_Magma![m
[33m[2026/09/18 18:38:43   WARN]               [NPC|P] Animation Alerted does not exist for model Kweebec_Rootling![m
[33m[2026/09/18 18:38:43   WARN]               [NPC|P] Animation Eat does not exist for model Spark_Living![m
[33m[2026/09/18 18:38:43   WARN]               [NPC|P] Animation Sleep does not exist for model Wraith_Lantern![m
[33m[2026/09/18 18:38:43   WARN]               [NPC|P] Animation Alerted does not exist for model Wraith_Lantern![m
[33m[2026/09/18 18:38:43   WARN]               [NPC|P] Animation Laydown does not exist for model Wraith_Lantern![m
[33m[2026/09/18 18:38:43   WARN]               [NPC|P] Animation Wake does not exist for model Wraith_Lantern![m
[33m[2026/09/18 18:38:44   WARN]               [NPC|P] Animation Eat does not exist for model Hatworm![m
[33m[2026/09/18 18:38:44   WARN]               [NPC|P] Animation Alerted does not exist for model Scarak_Broodmother![m
[33m[2026/09/18 18:38:44   WARN]               [NPC|P] Animation Alerted does not exist for model Scarak_Broodmother![m
[33m[2026/09/18 18:38:44   WARN]               [NPC|P] Animation Eat does not exist for model Lizard_Sand![m
[33m[2026/09/18 18:38:44   WARN]               [NPC|P] Animation Alerted does not exist for model Scarak_Broodmother![m
[33m[2026/09/18 18:38:44   WARN]               [NPC|P] Animation Eat does not exist for model Trillodon![m
[m[2026/09/18 18:38:44   INFO]               [NPC|P] Validation complete.[m
[m[2026/09/18 18:38:44   INFO]               [NPC|P] Starting to load builders![m
[33m[2026/09/18 18:38:44   WARN] [AssetStore|BalanceAsset] Unused key(s) in '*Aetherhaven_World_Rancher_CombatConfig': EntityEffect[m
[33m[2026/09/18 18:38:44   WARN] [AssetStore|BalanceAsset] Unused key(s) in '*Aetherhaven_World_Pyrotechnic_CombatConfig': EntityEffect[m
[33m[2026/09/18 18:38:44   WARN] [AssetStore|BalanceAsset] Unused key(s) in '*Aetherhaven_World_Priestess_CombatConfig': EntityEffect[m
[33m[2026/09/18 18:38:44   WARN] [AssetStore|BalanceAsset] Unused key(s) in '*Aetherhaven_World_Miner_CombatConfig': EntityEffect[m
[33m[2026/09/18 18:38:44   WARN] [AssetStore|BalanceAsset] Unused key(s) in '*Aetherhaven_World_Merchant_CombatConfig': EntityEffect[m
[33m[2026/09/18 18:38:44   WARN] [AssetStore|BalanceAsset] Unused key(s) in '*Aetherhaven_World_Logger_CombatConfig': EntityEffect[m
[33m[2026/09/18 18:38:44   WARN] [AssetStore|BalanceAsset] Unused key(s) in '*Aetherhaven_World_Innkeeper_CombatConfig': EntityEffect[m
[33m[2026/09/18 18:38:44   WARN] [AssetStore|BalanceAsset] Unused key(s) in '*Aetherhaven_World_Guild_Master_CombatConfig': EntityEffect[m
[33m[2026/09/18 18:38:44   WARN] [AssetStore|BalanceAsset] Unused key(s) in '*Aetherhaven_World_Florist_CombatConfig': EntityEffect[m
[33m[2026/09/18 18:38:44   WARN] [AssetStore|BalanceAsset] Unused key(s) in '*Aetherhaven_World_Farmer_CombatConfig': EntityEffect[m
[33m[2026/09/18 18:38:44   WARN] [AssetStore|BalanceAsset] Unused key(s) in '*Aetherhaven_World_Elder_Lyren_CombatConfig': EntityEffect[m
[33m[2026/09/18 18:38:44   WARN] [AssetStore|BalanceAsset] Unused key(s) in '*Aetherhaven_World_Crystal_Keeper_CombatConfig': EntityEffect[m
[33m[2026/09/18 18:38:44   WARN] [AssetStore|BalanceAsset] Unused key(s) in '*Aetherhaven_World_Chef_CombatConfig': EntityEffect[m
[33m[2026/09/18 18:38:44   WARN] [AssetStore|BalanceAsset] Unused key(s) in '*Aetherhaven_World_Builder_CombatConfig': EntityEffect[m
[33m[2026/09/18 18:38:44   WARN] [AssetStore|BalanceAsset] Unused key(s) in '*Aetherhaven_World_Blacksmith_CombatConfig': EntityEffect[m
[33m[2026/09/18 18:38:44   WARN] [AssetStore|BalanceAsset] Unused key(s) in '*Aetherhaven_World_Bard_CombatConfig': EntityEffect[m
[33m[2026/09/18 18:38:44   WARN] [AssetStore|BalanceAsset] Unused key(s) in '*Aetherhaven_Townsfolk_CombatConfig': EntityEffect[m
[33m[2026/09/18 18:38:44   WARN] [AssetStore|BalanceAsset] Unused key(s) in '*Aetherhaven_Rancher_CombatConfig': EntityEffect[m
[33m[2026/09/18 18:38:44   WARN] [AssetStore|BalanceAsset] Unused key(s) in '*Aetherhaven_Pyrotechnic_Rescue_CombatConfig': EntityEffect[m
[33m[2026/09/18 18:38:44   WARN] [AssetStore|BalanceAsset] Unused key(s) in '*Aetherhaven_Pyrotechnic_CombatConfig': EntityEffect[m
[33m[2026/09/18 18:38:44   WARN] [AssetStore|BalanceAsset] Unused key(s) in '*Aetherhaven_Priestess_CombatConfig': EntityEffect[m
[33m[2026/09/18 18:38:44   WARN] [AssetStore|BalanceAsset] Unused key(s) in '*Aetherhaven_Miner_CombatConfig': EntityEffect[m
[33m[2026/09/18 18:38:44   WARN] [AssetStore|BalanceAsset] Unused key(s) in '*Aetherhaven_Merchant_CombatConfig': EntityEffect[m
[33m[2026/09/18 18:38:44   WARN] [AssetStore|BalanceAsset] Unused key(s) in '*Aetherhaven_Logger_CombatConfig': EntityEffect[m
[33m[2026/09/18 18:38:44   WARN] [AssetStore|BalanceAsset] Unused key(s) in '*Aetherhaven_Innkeeper_CombatConfig': EntityEffect[m
[33m[2026/09/18 18:38:44   WARN] [AssetStore|BalanceAsset] Unused key(s) in '*Aetherhaven_Guild_Master_CombatConfig': EntityEffect[m
[33m[2026/09/18 18:38:44   WARN] [AssetStore|BalanceAsset] Unused key(s) in '*Aetherhaven_Furniture_Merchant_CombatConfig': EntityEffect[m
[33m[2026/09/18 18:38:44   WARN] [AssetStore|BalanceAsset] Unused key(s) in '*Aetherhaven_Florist_CombatConfig': EntityEffect[m
[33m[2026/09/18 18:38:44   WARN] [AssetStore|BalanceAsset] Unused key(s) in '*Aetherhaven_Festival_Wintertide_Merchant_CombatConfig': EntityEffect[m
[33m[2026/09/18 18:38:44   WARN] [AssetStore|BalanceAsset] Unused key(s) in '*Aetherhaven_Festival_Tree_Climb_Merchant_CombatConfig': EntityEffect[m
[33m[2026/09/18 18:38:44   WARN] [AssetStore|BalanceAsset] Unused key(s) in '*Aetherhaven_Festival_Tree_Climb_Attendant_CombatConfig': EntityEffect[m
[33m[2026/09/18 18:38:44   WARN] [AssetStore|BalanceAsset] Unused key(s) in '*Aetherhaven_Festival_Snowball_Merchant_CombatConfig': EntityEffect[m
[33m[2026/09/18 18:38:44   WARN] [AssetStore|BalanceAsset] Unused key(s) in '*Aetherhaven_Festival_Seed_Seller_CombatConfig': EntityEffect[m
[33m[2026/09/18 18:38:44   WARN] [AssetStore|BalanceAsset] Unused key(s) in '*Aetherhaven_Festival_Pig_Race_Wild_CombatConfig': EntityEffect[m
[33m[2026/09/18 18:38:44   WARN] [AssetStore|BalanceAsset] Unused key(s) in '*Aetherhaven_Festival_Pig_Race_Undead_CombatConfig': EntityEffect[m
[33m[2026/09/18 18:38:44   WARN] [AssetStore|BalanceAsset] Unused key(s) in '*Aetherhaven_Festival_Pig_Race_Pink_CombatConfig': EntityEffect[m
[33m[2026/09/18 18:38:44   WARN] [AssetStore|BalanceAsset] Unused key(s) in '*Aetherhaven_Festival_Pig_Race_Merchant_CombatConfig': EntityEffect[m
[33m[2026/09/18 18:38:44   WARN] [AssetStore|BalanceAsset] Unused key(s) in '*Aetherhaven_Festival_Pig_Race_Boar_CombatConfig': EntityEffect[m
[33m[2026/09/18 18:38:44   WARN] [AssetStore|BalanceAsset] Unused key(s) in '*Aetherhaven_Festival_Lettuce_CombatConfig': EntityEffect[m
[33m[2026/09/18 18:38:44   WARN] [AssetStore|BalanceAsset] Unused key(s) in '*Aetherhaven_Festival_Jack_Lantern_CombatConfig': EntityEffect[m
[33m[2026/09/18 18:38:44   WARN] [AssetStore|BalanceAsset] Unused key(s) in '*Aetherhaven_Festival_Hallows_Eve_Merchant_CombatConfig': EntityEffect[m
[33m[2026/09/18 18:38:44   WARN] [AssetStore|BalanceAsset] Unused key(s) in '*Aetherhaven_Festival_Hallows_Eve_Bat_CombatConfig': EntityEffect[m
[33m[2026/09/18 18:38:44   WARN] [AssetStore|BalanceAsset] Unused key(s) in '*Aetherhaven_Festival_Carnival_Wheel_CombatConfig': EntityEffect[m
[33m[2026/09/18 18:38:44   WARN] [AssetStore|BalanceAsset] Unused key(s) in '*Aetherhaven_Festival_Carnival_Whack_CombatConfig': EntityEffect[m
[33m[2026/09/18 18:38:44   WARN] [AssetStore|BalanceAsset] Unused key(s) in '*Aetherhaven_Festival_Carnival_Merchant_CombatConfig': EntityEffect[m
[33m[2026/09/18 18:38:44   WARN] [AssetStore|BalanceAsset] Unused key(s) in '*Aetherhaven_Festival_Carnival_Balloon_CombatConfig': EntityEffect[m
[33m[2026/09/18 18:38:44   WARN] [AssetStore|BalanceAsset] Unused key(s) in '*Aetherhaven_Farmer_CombatConfig': EntityEffect[m
[33m[2026/09/18 18:38:44   WARN] [AssetStore|BalanceAsset] Unused key(s) in '*Aetherhaven_Elder_Lyren_CombatConfig': EntityEffect[m
[33m[2026/09/18 18:38:44   WARN] [AssetStore|BalanceAsset] Unused key(s) in '*Aetherhaven_Crystal_Keeper_Rescue_CombatConfig': EntityEffect[m
[33m[2026/09/18 18:38:44   WARN] [AssetStore|BalanceAsset] Unused key(s) in '*Aetherhaven_Crystal_Keeper_CombatConfig': EntityEffect[m
[33m[2026/09/18 18:38:44   WARN] [AssetStore|BalanceAsset] Unused key(s) in '*Aetherhaven_Clown_Rescue_CombatConfig': EntityEffect[m
[33m[2026/09/18 18:38:44   WARN] [AssetStore|BalanceAsset] Unused key(s) in '*Aetherhaven_Clown_CombatConfig': EntityEffect[m
[33m[2026/09/18 18:38:44   WARN] [AssetStore|BalanceAsset] Unused key(s) in '*Aetherhaven_Chef_CombatConfig': EntityEffect[m
[33m[2026/09/18 18:38:44   WARN] [AssetStore|BalanceAsset] Unused key(s) in '*Aetherhaven_Builder_CombatConfig': EntityEffect[m
[33m[2026/09/18 18:38:44   WARN] [AssetStore|BalanceAsset] Unused key(s) in '*Aetherhaven_Blacksmith_CombatConfig': EntityEffect[m
[33m[2026/09/18 18:38:44   WARN] [AssetStore|BalanceAsset] Unused key(s) in '*Aetherhaven_Bard_CombatConfig': EntityEffect[m
[m[2026/09/18 18:38:44   INFO]                   [NPC|P] Validating loaded configurations...[m
[33m[2026/09/18 18:38:44   WARN]                   [NPC|P] Animation Swipe does not exist for model Goblin![m
[33m[2026/09/18 18:38:44   WARN]                   [NPC|P] Animation Idle does not exist for model Tuluk_Fisherman![m
[33m[2026/09/18 18:38:44   WARN]                   [NPC|P] Animation Swipe does not exist for model Goblin_Ogre![m
[33m[2026/09/18 18:38:44   WARN]                   [NPC|P] Animation Throw does not exist for model Goblin_Ogre![m
[33m[2026/09/18 18:38:44   WARN]                   [NPC|P] Animation Moo does not exist for model Bison_Calf![m
[33m[2026/09/18 18:38:44   WARN]                   [NPC|P] Animation Sleep does not exist for model Slug_Magma![m
[33m[2026/09/18 18:38:44   WARN]                   [NPC|P] Animation Alerted does not exist for model Slug_Magma![m
[33m[2026/09/18 18:38:44   WARN]                   [NPC|P] Animation Laydown does not exist for model Slug_Magma![m
[33m[2026/09/18 18:38:44   WARN]                   [NPC|P] Animation Wake does not exist for model Slug_Magma![m
[33m[2026/09/18 18:38:44   WARN]                   [NPC|P] Animation Alerted does not exist for model Kweebec_Rootling![m
[33m[2026/09/18 18:38:44   WARN]                   [NPC|P] Animation Eat does not exist for model Spark_Living![m
[33m[2026/09/18 18:38:44   WARN]                   [NPC|P] Animation Sleep does not exist for model Wraith_Lantern![m
[33m[2026/09/18 18:38:44   WARN]                   [NPC|P] Animation Alerted does not exist for model Wraith_Lantern![m
[33m[2026/09/18 18:38:44   WARN]                   [NPC|P] Animation Laydown does not exist for model Wraith_Lantern![m
[33m[2026/09/18 18:38:44   WARN]                   [NPC|P] Animation Wake does not exist for model Wraith_Lantern![m
[33m[2026/09/18 18:38:44   WARN]                   [NPC|P] Animation Eat does not exist for model Hatworm![m
[33m[2026/09/18 18:38:44   WARN]                   [NPC|P] Animation Alerted does not exist for model Scarak_Broodmother![m
[33m[2026/09/18 18:38:44   WARN]                   [NPC|P] Animation Alerted does not exist for model Scarak_Broodmother![m
[33m[2026/09/18 18:38:44   WARN]                   [NPC|P] Animation Eat does not exist for model Lizard_Sand![m
[33m[2026/09/18 18:38:44   WARN]                   [NPC|P] Animation Alerted does not exist for model Scarak_Broodmother![m
[33m[2026/09/18 18:38:44   WARN]                   [NPC|P] Animation Eat does not exist for model Trillodon![m
[m[2026/09/18 18:38:44   INFO]                   [NPC|P] Validation complete.[m
[m[2026/09/18 18:38:44   INFO]                   [NPC|P] Loaded 81 NPC configurations, Component: 17, Abstract: 1, Variant: 3, Generic: 60[m
[m[2026/09/18 18:38:44   INFO]                   [NPC|P] Starting to load builders![m
[m[2026/09/18 18:38:44   INFO]                   [NPC|P] Validating loaded configurations...[m
[33m[2026/09/18 18:38:44   WARN]                   [NPC|P] Animation Swipe does not exist for model Goblin![m
[33m[2026/09/18 18:38:44   WARN]                   [NPC|P] Animation Idle does not exist for model Tuluk_Fisherman![m
[33m[2026/09/18 18:38:44   WARN]                   [NPC|P] Animation Swipe does not exist for model Goblin_Ogre![m
[33m[2026/09/18 18:38:44   WARN]                   [NPC|P] Animation Throw does not exist for model Goblin_Ogre![m
[33m[2026/09/18 18:38:44   WARN]                   [NPC|P] Animation Moo does not exist for model Bison_Calf![m
[33m[2026/09/18 18:38:44   WARN]                   [NPC|P] Animation Sleep does not exist for model Slug_Magma![m
[33m[2026/09/18 18:38:44   WARN]                   [NPC|P] Animation Alerted does not exist for model Slug_Magma![m
[33m[2026/09/18 18:38:44   WARN]                   [NPC|P] Animation Laydown does not exist for model Slug_Magma![m
[33m[2026/09/18 18:38:44   WARN]                   [NPC|P] Animation Wake does not exist for model Slug_Magma![m
[33m[2026/09/18 18:38:44   WARN]                   [NPC|P] Animation Alerted does not exist for model Kweebec_Rootling![m
[33m[2026/09/18 18:38:44   WARN]                   [NPC|P] Animation Eat does not exist for model Spark_Living![m
[33m[2026/09/18 18:38:44   WARN]                   [NPC|P] Animation Sleep does not exist for model Wraith_Lantern![m
[33m[2026/09/18 18:38:44   WARN]                   [NPC|P] Animation Alerted does not exist for model Wraith_Lantern![m
[33m[2026/09/18 18:38:44   WARN]                   [NPC|P] Animation Laydown does not exist for model Wraith_Lantern![m
[33m[2026/09/18 18:38:44   WARN]                   [NPC|P] Animation Wake does not exist for model Wraith_Lantern![m
[33m[2026/09/18 18:38:44   WARN]                   [NPC|P] Animation Eat does not exist for model Hatworm![m
[33m[2026/09/18 18:38:44   WARN]                   [NPC|P] Animation Alerted does not exist for model Scarak_Broodmother![m
[33m[2026/09/18 18:38:44   WARN]                   [NPC|P] Animation Alerted does not exist for model Scarak_Broodmother![m
[33m[2026/09/18 18:38:44   WARN]                   [NPC|P] Animation Eat does not exist for model Lizard_Sand![m
[33m[2026/09/18 18:38:44   WARN]                   [NPC|P] Animation Alerted does not exist for model Scarak_Broodmother![m
[33m[2026/09/18 18:38:44   WARN]                   [NPC|P] Animation Eat does not exist for model Trillodon![m
[m[2026/09/18 18:38:44   INFO]                   [NPC|P] Validation complete.[m
[m[2026/09/18 18:38:44   INFO]                   [NPC|P] Starting to load builders![m
[m[2026/09/18 18:38:44   INFO]                   [NPC|P] Validating loaded configurations...[m
[33m[2026/09/18 18:38:44   WARN]                   [NPC|P] Animation Swipe does not exist for model Goblin![m
[33m[2026/09/18 18:38:44   WARN]                   [NPC|P] Animation Idle does not exist for model Tuluk_Fisherman![m
[33m[2026/09/18 18:38:44   WARN]                   [NPC|P] Animation Swipe does not exist for model Goblin_Ogre![m
[33m[2026/09/18 18:38:44   WARN]                   [NPC|P] Animation Throw does not exist for model Goblin_Ogre![m
[33m[2026/09/18 18:38:44   WARN]                   [NPC|P] Animation Moo does not exist for model Bison_Calf![m
[33m[2026/09/18 18:38:44   WARN]                   [NPC|P] Animation Sleep does not exist for model Slug_Magma![m
[33m[2026/09/18 18:38:44   WARN]                   [NPC|P] Animation Alerted does not exist for model Slug_Magma![m
[33m[2026/09/18 18:38:44   WARN]                   [NPC|P] Animation Laydown does not exist for model Slug_Magma![m
[33m[2026/09/18 18:38:44   WARN]                   [NPC|P] Animation Wake does not exist for model Slug_Magma![m
[33m[2026/09/18 18:38:44   WARN]                   [NPC|P] Animation Alerted does not exist for model Kweebec_Rootling![m
[33m[2026/09/18 18:38:44   WARN]                   [NPC|P] Animation Eat does not exist for model Spark_Living![m
[33m[2026/09/18 18:38:44   WARN]                   [NPC|P] Animation Sleep does not exist for model Wraith_Lantern![m
[33m[2026/09/18 18:38:44   WARN]                   [NPC|P] Animation Alerted does not exist for model Wraith_Lantern![m
[33m[2026/09/18 18:38:44   WARN]                   [NPC|P] Animation Laydown does not exist for model Wraith_Lantern![m
[33m[2026/09/18 18:38:44   WARN]                   [NPC|P] Animation Wake does not exist for model Wraith_Lantern![m
[33m[2026/09/18 18:38:44   WARN]                   [NPC|P] Animation Eat does not exist for model Hatworm![m
[33m[2026/09/18 18:38:44   WARN]                   [NPC|P] Animation Alerted does not exist for model Scarak_Broodmother![m
[33m[2026/09/18 18:38:44   WARN]                   [NPC|P] Animation Alerted does not exist for model Scarak_Broodmother![m
[33m[2026/09/18 18:38:44   WARN]                   [NPC|P] Animation Eat does not exist for model Lizard_Sand![m
[33m[2026/09/18 18:38:44   WARN]                   [NPC|P] Animation Alerted does not exist for model Scarak_Broodmother![m
[33m[2026/09/18 18:38:44   WARN]                   [NPC|P] Animation Eat does not exist for model Trillodon![m
[m[2026/09/18 18:38:44   INFO]                   [NPC|P] Validation complete.[m
[m[2026/09/18 18:38:44   INFO]                   [NPC|P] Starting to load builders![m
[m[2026/09/18 18:38:44   INFO]                   [NPC|P] Validating loaded configurations...[m
[33m[2026/09/18 18:38:44   WARN]                   [NPC|P] Animation Swipe does not exist for model Goblin![m
[33m[2026/09/18 18:38:44   WARN]                   [NPC|P] Animation Idle does not exist for model Tuluk_Fisherman![m
[33m[2026/09/18 18:38:44   WARN]                   [NPC|P] Animation Swipe does not exist for model Goblin_Ogre![m
[33m[2026/09/18 18:38:44   WARN]                   [NPC|P] Animation Throw does not exist for model Goblin_Ogre![m
[33m[2026/09/18 18:38:44   WARN]                   [NPC|P] Animation Moo does not exist for model Bison_Calf![m
[33m[2026/09/18 18:38:44   WARN]                   [NPC|P] Animation Sleep does not exist for model Slug_Magma![m
[33m[2026/09/18 18:38:44   WARN]                   [NPC|P] Animation Alerted does not exist for model Slug_Magma![m
[33m[2026/09/18 18:38:44   WARN]                   [NPC|P] Animation Laydown does not exist for model Slug_Magma![m
[33m[2026/09/18 18:38:44   WARN]                   [NPC|P] Animation Wake does not exist for model Slug_Magma![m
[33m[2026/09/18 18:38:44   WARN]                   [NPC|P] Animation Alerted does not exist for model Kweebec_Rootling![m
[33m[2026/09/18 18:38:44   WARN]                   [NPC|P] Animation Eat does not exist for model Spark_Living![m
[33m[2026/09/18 18:38:44   WARN]                   [NPC|P] Animation Sleep does not exist for model Wraith_Lantern![m
[33m[2026/09/18 18:38:44   WARN]                   [NPC|P] Animation Alerted does not exist for model Wraith_Lantern![m
[33m[2026/09/18 18:38:44   WARN]                   [NPC|P] Animation Laydown does not exist for model Wraith_Lantern![m
[33m[2026/09/18 18:38:44   WARN]                   [NPC|P] Animation Wake does not exist for model Wraith_Lantern![m
[33m[2026/09/18 18:38:44   WARN]                   [NPC|P] Animation Eat does not exist for model Hatworm![m
[33m[2026/09/18 18:38:44   WARN]                   [NPC|P] Animation Alerted does not exist for model Scarak_Broodmother![m
[33m[2026/09/18 18:38:44   WARN]                   [NPC|P] Animation Alerted does not exist for model Scarak_Broodmother![m
[33m[2026/09/18 18:38:44   WARN]                   [NPC|P] Animation Eat does not exist for model Lizard_Sand![m
[33m[2026/09/18 18:38:44   WARN]                   [NPC|P] Animation Alerted does not exist for model Scarak_Broodmother![m
[33m[2026/09/18 18:38:44   WARN]                   [NPC|P] Animation Eat does not exist for model Trillodon![m
[m[2026/09/18 18:38:44   INFO]                   [NPC|P] Validation complete.[m
[m[2026/09/18 18:38:44   INFO]                   [NPC|P] Starting to load builders![m
[m[2026/09/18 18:38:44   INFO]                   [NPC|P] Validating loaded configurations...[m
[33m[2026/09/18 18:38:44   WARN]                   [NPC|P] Animation Swipe does not exist for model Goblin![m
[33m[2026/09/18 18:38:44   WARN]                   [NPC|P] Animation Idle does not exist for model Tuluk_Fisherman![m
[33m[2026/09/18 18:38:44   WARN]                   [NPC|P] Animation Swipe does not exist for model Goblin_Ogre![m
[33m[2026/09/18 18:38:44   WARN]                   [NPC|P] Animation Throw does not exist for model Goblin_Ogre![m
[33m[2026/09/18 18:38:44   WARN]                   [NPC|P] Animation Moo does not exist for model Bison_Calf![m
[33m[2026/09/18 18:38:44   WARN]                   [NPC|P] Animation Sleep does not exist for model Slug_Magma![m
[33m[2026/09/18 18:38:44   WARN]                   [NPC|P] Animation Alerted does not exist for model Slug_Magma![m
[33m[2026/09/18 18:38:44   WARN]                   [NPC|P] Animation Laydown does not exist for model Slug_Magma![m
[33m[2026/09/18 18:38:44   WARN]                   [NPC|P] Animation Wake does not exist for model Slug_Magma![m
[33m[2026/09/18 18:38:44   WARN]                   [NPC|P] Animation Alerted does not exist for model Kweebec_Rootling![m
[33m[2026/09/18 18:38:44   WARN]                   [NPC|P] Animation Eat does not exist for model Spark_Living![m
[33m[2026/09/18 18:38:44   WARN]                   [NPC|P] Animation Sleep does not exist for model Wraith_Lantern![m
[33m[2026/09/18 18:38:44   WARN]                   [NPC|P] Animation Alerted does not exist for model Wraith_Lantern![m
[33m[2026/09/18 18:38:44   WARN]                   [NPC|P] Animation Laydown does not exist for model Wraith_Lantern![m
[33m[2026/09/18 18:38:44   WARN]                   [NPC|P] Animation Wake does not exist for model Wraith_Lantern![m
[33m[2026/09/18 18:38:44   WARN]                   [NPC|P] Animation Eat does not exist for model Hatworm![m
[33m[2026/09/18 18:38:44   WARN]                   [NPC|P] Animation Alerted does not exist for model Scarak_Broodmother![m
[33m[2026/09/18 18:38:44   WARN]                   [NPC|P] Animation Alerted does not exist for model Scarak_Broodmother![m
[33m[2026/09/18 18:38:44   WARN]                   [NPC|P] Animation Eat does not exist for model Lizard_Sand![m
[33m[2026/09/18 18:38:44   WARN]                   [NPC|P] Animation Alerted does not exist for model Scarak_Broodmother![m
[33m[2026/09/18 18:38:44   WARN]                   [NPC|P] Animation Eat does not exist for model Trillodon![m
[m[2026/09/18 18:38:44   INFO]                   [NPC|P] Validation complete.[m
[m[2026/09/18 18:38:44   INFO]                   [NPC|P] Starting to load builders![m
[m[2026/09/18 18:38:44   INFO]                   [NPC|P] Validating loaded configurations...[m
[33m[2026/09/18 18:38:44   WARN]                   [NPC|P] Animation Swipe does not exist for model Goblin![m
[33m[2026/09/18 18:38:44   WARN]                   [NPC|P] Animation Idle does not exist for model Tuluk_Fisherman![m
[33m[2026/09/18 18:38:44   WARN]                   [NPC|P] Animation Swipe does not exist for model Goblin_Ogre![m
[33m[2026/09/18 18:38:44   WARN]                   [NPC|P] Animation Throw does not exist for model Goblin_Ogre![m
[33m[2026/09/18 18:38:44   WARN]                   [NPC|P] Animation Moo does not exist for model Bison_Calf![m
[33m[2026/09/18 18:38:44   WARN]                   [NPC|P] Animation Sleep does not exist for model Slug_Magma![m
[33m[2026/09/18 18:38:44   WARN]                   [NPC|P] Animation Alerted does not exist for model Slug_Magma![m
[33m[2026/09/18 18:38:44   WARN]                   [NPC|P] Animation Laydown does not exist for model Slug_Magma![m
[33m[2026/09/18 18:38:44   WARN]                   [NPC|P] Animation Wake does not exist for model Slug_Magma![m
[33m[2026/09/18 18:38:44   WARN]                   [NPC|P] Animation Alerted does not exist for model Kweebec_Rootling![m
[33m[2026/09/18 18:38:44   WARN]                   [NPC|P] Animation Eat does not exist for model Spark_Living![m
[33m[2026/09/18 18:38:44   WARN]                   [NPC|P] Animation Sleep does not exist for model Wraith_Lantern![m
[33m[2026/09/18 18:38:44   WARN]                   [NPC|P] Animation Alerted does not exist for model Wraith_Lantern![m
[33m[2026/09/18 18:38:44   WARN]                   [NPC|P] Animation Laydown does not exist for model Wraith_Lantern![m
[33m[2026/09/18 18:38:44   WARN]                   [NPC|P] Animation Wake does not exist for model Wraith_Lantern![m
[33m[2026/09/18 18:38:44   WARN]                   [NPC|P] Animation Eat does not exist for model Hatworm![m
[33m[2026/09/18 18:38:44   WARN]                   [NPC|P] Animation Alerted does not exist for model Scarak_Broodmother![m
[33m[2026/09/18 18:38:44   WARN]                   [NPC|P] Animation Alerted does not exist for model Scarak_Broodmother![m
[33m[2026/09/18 18:38:44   WARN]                   [NPC|P] Animation Eat does not exist for model Lizard_Sand![m
[33m[2026/09/18 18:38:44   WARN]                   [NPC|P] Animation Alerted does not exist for model Scarak_Broodmother![m
[33m[2026/09/18 18:38:44   WARN]                   [NPC|P] Animation Eat does not exist for model Trillodon![m
[m[2026/09/18 18:38:44   INFO]                   [NPC|P] Validation complete.[m
[m[2026/09/18 18:38:44   INFO]                   [NPC|P] Starting to load builders![m
[m[2026/09/18 18:38:44   INFO]                   [NPC|P] Validating loaded configurations...[m
[33m[2026/09/18 18:38:44   WARN]                   [NPC|P] Animation Swipe does not exist for model Goblin![m
[33m[2026/09/18 18:38:44   WARN]                   [NPC|P] Animation Idle does not exist for model Tuluk_Fisherman![m
[33m[2026/09/18 18:38:44   WARN]                   [NPC|P] Animation Swipe does not exist for model Goblin_Ogre![m
[33m[2026/09/18 18:38:44   WARN]                   [NPC|P] Animation Throw does not exist for model Goblin_Ogre![m
[33m[2026/09/18 18:38:44   WARN]                   [NPC|P] Animation Moo does not exist for model Bison_Calf![m
[33m[2026/09/18 18:38:44   WARN]                   [NPC|P] Animation Sleep does not exist for model Slug_Magma![m
[33m[2026/09/18 18:38:44   WARN]                   [NPC|P] Animation Alerted does not exist for model Slug_Magma![m
[33m[2026/09/18 18:38:44   WARN]                   [NPC|P] Animation Laydown does not exist for model Slug_Magma![m
[33m[2026/09/18 18:38:44   WARN]                   [NPC|P] Animation Wake does not exist for model Slug_Magma![m
[33m[2026/09/18 18:38:44   WARN]                   [NPC|P] Animation Alerted does not exist for model Kweebec_Rootling![m
[33m[2026/09/18 18:38:44   WARN]                   [NPC|P] Animation Eat does not exist for model Spark_Living![m
[33m[2026/09/18 18:38:44   WARN]                   [NPC|P] Animation Sleep does not exist for model Wraith_Lantern![m
[33m[2026/09/18 18:38:44   WARN]                   [NPC|P] Animation Alerted does not exist for model Wraith_Lantern![m
[33m[2026/09/18 18:38:44   WARN]                   [NPC|P] Animation Laydown does not exist for model Wraith_Lantern![m
[33m[2026/09/18 18:38:44   WARN]                   [NPC|P] Animation Wake does not exist for model Wraith_Lantern![m
[33m[2026/09/18 18:38:44   WARN]                   [NPC|P] Animation Eat does not exist for model Hatworm![m
[33m[2026/09/18 18:38:44   WARN]                   [NPC|P] Animation Alerted does not exist for model Scarak_Broodmother![m
[33m[2026/09/18 18:38:44   WARN]                   [NPC|P] Animation Alerted does not exist for model Scarak_Broodmother![m
[33m[2026/09/18 18:38:44   WARN]                   [NPC|P] Animation Eat does not exist for model Lizard_Sand![m
[33m[2026/09/18 18:38:44   WARN]                   [NPC|P] Animation Alerted does not exist for model Scarak_Broodmother![m
[33m[2026/09/18 18:38:44   WARN]                   [NPC|P] Animation Eat does not exist for model Trillodon![m
[m[2026/09/18 18:38:44   INFO]                   [NPC|P] Validation complete.[m
[m[2026/09/18 18:38:44   INFO]                   [NPC|P] Starting to load builders![m
[m[2026/09/18 18:38:44   INFO]                   [NPC|P] Validating loaded configurations...[m
[33m[2026/09/18 18:38:44   WARN]                   [NPC|P] Animation Swipe does not exist for model Goblin![m
[33m[2026/09/18 18:38:44   WARN]                   [NPC|P] Animation Idle does not exist for model Tuluk_Fisherman![m
[33m[2026/09/18 18:38:44   WARN]                   [NPC|P] Animation Swipe does not exist for model Goblin_Ogre![m
[33m[2026/09/18 18:38:44   WARN]                   [NPC|P] Animation Throw does not exist for model Goblin_Ogre![m
[33m[2026/09/18 18:38:44   WARN]                   [NPC|P] Animation Moo does not exist for model Bison_Calf![m
[33m[2026/09/18 18:38:44   WARN]                   [NPC|P] Animation Sleep does not exist for model Slug_Magma![m
[33m[2026/09/18 18:38:44   WARN]                   [NPC|P] Animation Alerted does not exist for model Slug_Magma![m
[33m[2026/09/18 18:38:44   WARN]                   [NPC|P] Animation Laydown does not exist for model Slug_Magma![m
[33m[2026/09/18 18:38:44   WARN]                   [NPC|P] Animation Wake does not exist for model Slug_Magma![m
[33m[2026/09/18 18:38:44   WARN]                   [NPC|P] Animation Alerted does not exist for model Kweebec_Rootling![m
[33m[2026/09/18 18:38:44   WARN]                   [NPC|P] Animation Eat does not exist for model Spark_Living![m
[33m[2026/09/18 18:38:44   WARN]                   [NPC|P] Animation Sleep does not exist for model Wraith_Lantern![m
[33m[2026/09/18 18:38:44   WARN]                   [NPC|P] Animation Alerted does not exist for model Wraith_Lantern![m
[33m[2026/09/18 18:38:44   WARN]                   [NPC|P] Animation Laydown does not exist for model Wraith_Lantern![m
[33m[2026/09/18 18:38:44   WARN]                   [NPC|P] Animation Wake does not exist for model Wraith_Lantern![m
[33m[2026/09/18 18:38:44   WARN]                   [NPC|P] Animation Eat does not exist for model Hatworm![m
[33m[2026/09/18 18:38:44   WARN]                   [NPC|P] Animation Alerted does not exist for model Scarak_Broodmother![m
[33m[2026/09/18 18:38:44   WARN]                   [NPC|P] Animation Alerted does not exist for model Scarak_Broodmother![m
[33m[2026/09/18 18:38:44   WARN]                   [NPC|P] Animation Eat does not exist for model Lizard_Sand![m
[33m[2026/09/18 18:38:44   WARN]                   [NPC|P] Animation Alerted does not exist for model Scarak_Broodmother![m
[33m[2026/09/18 18:38:44   WARN]                   [NPC|P] Animation Eat does not exist for model Trillodon![m
[m[2026/09/18 18:38:44   INFO]                   [NPC|P] Validation complete.[m
[m[2026/09/18 18:38:44   INFO]                   [NPC|P] Starting to load builders![m
[m[2026/09/18 18:38:44   INFO]                   [NPC|P] Validating loaded configurations...[m
[33m[2026/09/18 18:38:44   WARN]                   [NPC|P] Animation Swipe does not exist for model Goblin![m
[33m[2026/09/18 18:38:44   WARN]                   [NPC|P] Animation Idle does not exist for model Tuluk_Fisherman![m
[33m[2026/09/18 18:38:44   WARN]                   [NPC|P] Animation Swipe does not exist for model Goblin_Ogre![m
[33m[2026/09/18 18:38:44   WARN]                   [NPC|P] Animation Throw does not exist for model Goblin_Ogre![m
[33m[2026/09/18 18:38:44   WARN]                   [NPC|P] Animation Moo does not exist for model Bison_Calf![m
[33m[2026/09/18 18:38:44   WARN]                   [NPC|P] Animation Sleep does not exist for model Slug_Magma![m
[33m[2026/09/18 18:38:44   WARN]                   [NPC|P] Animation Alerted does not exist for model Slug_Magma![m
[33m[2026/09/18 18:38:44   WARN]                   [NPC|P] Animation Laydown does not exist for model Slug_Magma![m
[33m[2026/09/18 18:38:44   WARN]                   [NPC|P] Animation Wake does not exist for model Slug_Magma![m
[33m[2026/09/18 18:38:44   WARN]                   [NPC|P] Animation Alerted does not exist for model Kweebec_Rootling![m
[33m[2026/09/18 18:38:44   WARN]                   [NPC|P] Animation Eat does not exist for model Spark_Living![m
[33m[2026/09/18 18:38:44   WARN]                   [NPC|P] Animation Sleep does not exist for model Wraith_Lantern![m
[33m[2026/09/18 18:38:44   WARN]                   [NPC|P] Animation Alerted does not exist for model Wraith_Lantern![m
[33m[2026/09/18 18:38:44   WARN]                   [NPC|P] Animation Laydown does not exist for model Wraith_Lantern![m
[33m[2026/09/18 18:38:44   WARN]                   [NPC|P] Animation Wake does not exist for model Wraith_Lantern![m
[33m[2026/09/18 18:38:44   WARN]                   [NPC|P] Animation Eat does not exist for model Hatworm![m
[33m[2026/09/18 18:38:44   WARN]                   [NPC|P] Animation Alerted does not exist for model Scarak_Broodmother![m
[33m[2026/09/18 18:38:44   WARN]                   [NPC|P] Animation Alerted does not exist for model Scarak_Broodmother![m
[33m[2026/09/18 18:38:44   WARN]                   [NPC|P] Animation Eat does not exist for model Lizard_Sand![m
[33m[2026/09/18 18:38:44   WARN]                   [NPC|P] Animation Alerted does not exist for model Scarak_Broodmother![m
[33m[2026/09/18 18:38:44   WARN]                   [NPC|P] Animation Eat does not exist for model Trillodon![m
[m[2026/09/18 18:38:44   INFO]                   [NPC|P] Validation complete.[m
[m[2026/09/18 18:38:44   INFO]                   [NPC|P] Starting to load builders![m
[m[2026/09/18 18:38:44   INFO]                   [NPC|P] Validating loaded configurations...[m
[33m[2026/09/18 18:38:44   WARN]                   [NPC|P] Animation Swipe does not exist for model Goblin![m
[33m[2026/09/18 18:38:44   WARN]                   [NPC|P] Animation Idle does not exist for model Tuluk_Fisherman![m
[33m[2026/09/18 18:38:44   WARN]                   [NPC|P] Animation Swipe does not exist for model Goblin_Ogre![m
[33m[2026/09/18 18:38:44   WARN]                   [NPC|P] Animation Throw does not exist for model Goblin_Ogre![m
[33m[2026/09/18 18:38:44   WARN]                   [NPC|P] Animation Moo does not exist for model Bison_Calf![m
[33m[2026/09/18 18:38:44   WARN]                   [NPC|P] Animation Sleep does not exist for model Slug_Magma![m
[33m[2026/09/18 18:38:44   WARN]                   [NPC|P] Animation Alerted does not exist for model Slug_Magma![m
[33m[2026/09/18 18:38:44   WARN]                   [NPC|P] Animation Laydown does not exist for model Slug_Magma![m
[33m[2026/09/18 18:38:44   WARN]                   [NPC|P] Animation Wake does not exist for model Slug_Magma![m
[33m[2026/09/18 18:38:44   WARN]                   [NPC|P] Animation Alerted does not exist for model Kweebec_Rootling![m
[33m[2026/09/18 18:38:44   WARN]                   [NPC|P] Animation Eat does not exist for model Spark_Living![m
[33m[2026/09/18 18:38:44   WARN]                   [NPC|P] Animation Sleep does not exist for model Wraith_Lantern![m
[33m[2026/09/18 18:38:44   WARN]                   [NPC|P] Animation Alerted does not exist for model Wraith_Lantern![m
[33m[2026/09/18 18:38:44   WARN]                   [NPC|P] Animation Laydown does not exist for model Wraith_Lantern![m
[33m[2026/09/18 18:38:44   WARN]                   [NPC|P] Animation Wake does not exist for model Wraith_Lantern![m
[33m[2026/09/18 18:38:44   WARN]                   [NPC|P] Animation Eat does not exist for model Hatworm![m
[33m[2026/09/18 18:38:44   WARN]                   [NPC|P] Animation Alerted does not exist for model Scarak_Broodmother![m
[33m[2026/09/18 18:38:44   WARN]                   [NPC|P] Animation Alerted does not exist for model Scarak_Broodmother![m
[33m[2026/09/18 18:38:44   WARN]                   [NPC|P] Animation Eat does not exist for model Lizard_Sand![m
[33m[2026/09/18 18:38:44   WARN]                   [NPC|P] Animation Alerted does not exist for model Scarak_Broodmother![m
[33m[2026/09/18 18:38:44   WARN]                   [NPC|P] Animation Eat does not exist for model Trillodon![m
[m[2026/09/18 18:38:44   INFO]                   [NPC|P] Validation complete.[m
[m[2026/09/18 18:38:44   INFO]                   [NPC|P] Starting to load builders![m
[m[2026/09/18 18:38:44   INFO]                   [NPC|P] Validating loaded configurations...[m
[33m[2026/09/18 18:38:44   WARN]                   [NPC|P] Animation Swipe does not exist for model Goblin![m
[33m[2026/09/18 18:38:44   WARN]                   [NPC|P] Animation Idle does not exist for model Tuluk_Fisherman![m
[33m[2026/09/18 18:38:44   WARN]                   [NPC|P] Animation Swipe does not exist for model Goblin_Ogre![m
[33m[2026/09/18 18:38:44   WARN]                   [NPC|P] Animation Throw does not exist for model Goblin_Ogre![m
[33m[2026/09/18 18:38:44   WARN]                   [NPC|P] Animation Moo does not exist for model Bison_Calf![m
[33m[2026/09/18 18:38:44   WARN]                   [NPC|P] Animation Sleep does not exist for model Slug_Magma![m
[33m[2026/09/18 18:38:44   WARN]                   [NPC|P] Animation Alerted does not exist for model Slug_Magma![m
[33m[2026/09/18 18:38:44   WARN]                   [NPC|P] Animation Laydown does not exist for model Slug_Magma![m
[33m[2026/09/18 18:38:44   WARN]                   [NPC|P] Animation Wake does not exist for model Slug_Magma![m
[33m[2026/09/18 18:38:44   WARN]                   [NPC|P] Animation Alerted does not exist for model Kweebec_Rootling![m
[33m[2026/09/18 18:38:44   WARN]                   [NPC|P] Animation Eat does not exist for model Spark_Living![m
[33m[2026/09/18 18:38:44   WARN]                   [NPC|P] Animation Sleep does not exist for model Wraith_Lantern![m
[33m[2026/09/18 18:38:44   WARN]                   [NPC|P] Animation Alerted does not exist for model Wraith_Lantern![m
[33m[2026/09/18 18:38:44   WARN]                   [NPC|P] Animation Laydown does not exist for model Wraith_Lantern![m
[33m[2026/09/18 18:38:44   WARN]                   [NPC|P] Animation Wake does not exist for model Wraith_Lantern![m
[33m[2026/09/18 18:38:44   WARN]                   [NPC|P] Animation Eat does not exist for model Hatworm![m
[33m[2026/09/18 18:38:44   WARN]                   [NPC|P] Animation Alerted does not exist for model Scarak_Broodmother![m
[33m[2026/09/18 18:38:44   WARN]                   [NPC|P] Animation Alerted does not exist for model Scarak_Broodmother![m
[33m[2026/09/18 18:38:44   WARN]                   [NPC|P] Animation Eat does not exist for model Lizard_Sand![m
[33m[2026/09/18 18:38:44   WARN]                   [NPC|P] Animation Alerted does not exist for model Scarak_Broodmother![m
[33m[2026/09/18 18:38:44   WARN]                   [NPC|P] Animation Eat does not exist for model Trillodon![m
[m[2026/09/18 18:38:44   INFO]                   [NPC|P] Validation complete.[m
[m[2026/09/18 18:38:44   INFO]                   [NPC|P] Loaded 24 NPC configurations, Variant: 24[m
[m[2026/09/18 18:38:44   INFO]                   [NPC|P] Starting to load builders![m
[m[2026/09/18 18:38:44   INFO]                   [NPC|P] Validating loaded configurations...[m
[33m[2026/09/18 18:38:44   WARN]                   [NPC|P] Animation Swipe does not exist for model Goblin![m
[33m[2026/09/18 18:38:44   WARN]                   [NPC|P] Animation Idle does not exist for model Tuluk_Fisherman![m
[33m[2026/09/18 18:38:44   WARN]                   [NPC|P] Animation Swipe does not exist for model Goblin_Ogre![m
[33m[2026/09/18 18:38:44   WARN]                   [NPC|P] Animation Throw does not exist for model Goblin_Ogre![m
[33m[2026/09/18 18:38:44   WARN]                   [NPC|P] Animation Moo does not exist for model Bison_Calf![m
[33m[2026/09/18 18:38:44   WARN]                   [NPC|P] Animation Sleep does not exist for model Slug_Magma![m
[33m[2026/09/18 18:38:44   WARN]                   [NPC|P] Animation Alerted does not exist for model Slug_Magma![m
[33m[2026/09/18 18:38:44   WARN]                   [NPC|P] Animation Laydown does not exist for model Slug_Magma![m
[33m[2026/09/18 18:38:44   WARN]                   [NPC|P] Animation Wake does not exist for model Slug_Magma![m
[33m[2026/09/18 18:38:44   WARN]                   [NPC|P] Animation Alerted does not exist for model Kweebec_Rootling![m
[33m[2026/09/18 18:38:44   WARN]                   [NPC|P] Animation Eat does not exist for model Spark_Living![m
[33m[2026/09/18 18:38:44   WARN]                   [NPC|P] Animation Sleep does not exist for model Wraith_Lantern![m
[33m[2026/09/18 18:38:44   WARN]                   [NPC|P] Animation Alerted does not exist for model Wraith_Lantern![m
[33m[2026/09/18 18:38:44   WARN]                   [NPC|P] Animation Laydown does not exist for model Wraith_Lantern![m
[33m[2026/09/18 18:38:44   WARN]                   [NPC|P] Animation Wake does not exist for model Wraith_Lantern![m
[33m[2026/09/18 18:38:44   WARN]                   [NPC|P] Animation Eat does not exist for model Hatworm![m
[33m[2026/09/18 18:38:44   WARN]                   [NPC|P] Animation Alerted does not exist for model Scarak_Broodmother![m
[33m[2026/09/18 18:38:44   WARN]                   [NPC|P] Animation Alerted does not exist for model Scarak_Broodmother![m
[33m[2026/09/18 18:38:44   WARN]                   [NPC|P] Animation Eat does not exist for model Lizard_Sand![m
[33m[2026/09/18 18:38:44   WARN]                   [NPC|P] Animation Alerted does not exist for model Scarak_Broodmother![m
[33m[2026/09/18 18:38:44   WARN]                   [NPC|P] Animation Eat does not exist for model Trillodon![m
[m[2026/09/18 18:38:44   INFO]                   [NPC|P] Validation complete.[m
[m[2026/09/18 18:38:44   INFO]                   [NPC|P] Starting to load builders![m
[m[2026/09/18 18:38:44   INFO]                   [NPC|P] Validating loaded configurations...[m
[33m[2026/09/18 18:38:44   WARN]                   [NPC|P] Animation Swipe does not exist for model Goblin![m
[33m[2026/09/18 18:38:44   WARN]                   [NPC|P] Animation Idle does not exist for model Tuluk_Fisherman![m
[33m[2026/09/18 18:38:44   WARN]                   [NPC|P] Animation Swipe does not exist for model Goblin_Ogre![m
[33m[2026/09/18 18:38:44   WARN]                   [NPC|P] Animation Throw does not exist for model Goblin_Ogre![m
[33m[2026/09/18 18:38:44   WARN]                   [NPC|P] Animation Moo does not exist for model Bison_Calf![m
[33m[2026/09/18 18:38:44   WARN]                   [NPC|P] Animation Sleep does not exist for model Slug_Magma![m
[33m[2026/09/18 18:38:44   WARN]                   [NPC|P] Animation Alerted does not exist for model Slug_Magma![m
[33m[2026/09/18 18:38:44   WARN]                   [NPC|P] Animation Laydown does not exist for model Slug_Magma![m
[33m[2026/09/18 18:38:44   WARN]                   [NPC|P] Animation Wake does not exist for model Slug_Magma![m
[33m[2026/09/18 18:38:44   WARN]                   [NPC|P] Animation Alerted does not exist for model Kweebec_Rootling![m
[33m[2026/09/18 18:38:44   WARN]                   [NPC|P] Animation Eat does not exist for model Spark_Living![m
[33m[2026/09/18 18:38:44   WARN]                   [NPC|P] Animation Sleep does not exist for model Wraith_Lantern![m
[33m[2026/09/18 18:38:44   WARN]                   [NPC|P] Animation Alerted does not exist for model Wraith_Lantern![m
[33m[2026/09/18 18:38:44   WARN]                   [NPC|P] Animation Laydown does not exist for model Wraith_Lantern![m
[33m[2026/09/18 18:38:44   WARN]                   [NPC|P] Animation Wake does not exist for model Wraith_Lantern![m
[33m[2026/09/18 18:38:44   WARN]                   [NPC|P] Animation Eat does not exist for model Hatworm![m
[33m[2026/09/18 18:38:44   WARN]                   [NPC|P] Animation Alerted does not exist for model Scarak_Broodmother![m
[33m[2026/09/18 18:38:44   WARN]                   [NPC|P] Animation Alerted does not exist for model Scarak_Broodmother![m
[33m[2026/09/18 18:38:44   WARN]                   [NPC|P] Animation Eat does not exist for model Lizard_Sand![m
[33m[2026/09/18 18:38:44   WARN]                   [NPC|P] Animation Alerted does not exist for model Scarak_Broodmother![m
[33m[2026/09/18 18:38:44   WARN]                   [NPC|P] Animation Eat does not exist for model Trillodon![m
[m[2026/09/18 18:38:44   INFO]                   [NPC|P] Validation complete.[m
[m[2026/09/18 18:38:44   INFO]                   [NPC|P] Starting to load builders![m
[m[2026/09/18 18:38:44   INFO]                   [NPC|P] Validating loaded configurations...[m
[33m[2026/09/18 18:38:44   WARN]                   [NPC|P] Animation Swipe does not exist for model Goblin![m
[33m[2026/09/18 18:38:44   WARN]                   [NPC|P] Animation Idle does not exist for model Tuluk_Fisherman![m
[33m[2026/09/18 18:38:44   WARN]                   [NPC|P] Animation Swipe does not exist for model Goblin_Ogre![m
[33m[2026/09/18 18:38:44   WARN]                   [NPC|P] Animation Throw does not exist for model Goblin_Ogre![m
[33m[2026/09/18 18:38:44   WARN]                   [NPC|P] Animation Moo does not exist for model Bison_Calf![m
[33m[2026/09/18 18:38:44   WARN]                   [NPC|P] Animation Sleep does not exist for model Slug_Magma![m
[33m[2026/09/18 18:38:44   WARN]                   [NPC|P] Animation Alerted does not exist for model Slug_Magma![m
[33m[2026/09/18 18:38:44   WARN]                   [NPC|P] Animation Laydown does not exist for model Slug_Magma![m
[33m[2026/09/18 18:38:44   WARN]                   [NPC|P] Animation Wake does not exist for model Slug_Magma![m
[33m[2026/09/18 18:38:44   WARN]                   [NPC|P] Animation Alerted does not exist for model Kweebec_Rootling![m
[33m[2026/09/18 18:38:44   WARN]                   [NPC|P] Animation Eat does not exist for model Spark_Living![m
[33m[2026/09/18 18:38:44   WARN]                   [NPC|P] Animation Sleep does not exist for model Wraith_Lantern![m
[33m[2026/09/18 18:38:44   WARN]                   [NPC|P] Animation Alerted does not exist for model Wraith_Lantern![m
[33m[2026/09/18 18:38:44   WARN]                   [NPC|P] Animation Laydown does not exist for model Wraith_Lantern![m
[33m[2026/09/18 18:38:44   WARN]                   [NPC|P] Animation Wake does not exist for model Wraith_Lantern![m
[33m[2026/09/18 18:38:44   WARN]                   [NPC|P] Animation Eat does not exist for model Hatworm![m
[33m[2026/09/18 18:38:44   WARN]                   [NPC|P] Animation Alerted does not exist for model Scarak_Broodmother![m
[33m[2026/09/18 18:38:44   WARN]                   [NPC|P] Animation Alerted does not exist for model Scarak_Broodmother![m
[33m[2026/09/18 18:38:44   WARN]                   [NPC|P] Animation Eat does not exist for model Lizard_Sand![m
[33m[2026/09/18 18:38:44   WARN]                   [NPC|P] Animation Alerted does not exist for model Scarak_Broodmother![m
[33m[2026/09/18 18:38:44   WARN]                   [NPC|P] Animation Eat does not exist for model Trillodon![m
[m[2026/09/18 18:38:44   INFO]                   [NPC|P] Validation complete.[m
[m[2026/09/18 18:38:44   INFO]                   [NPC|P] Starting to load builders![m
[m[2026/09/18 18:38:44   INFO]                   [NPC|P] Validating loaded configurations...[m
[33m[2026/09/18 18:38:44   WARN]                   [NPC|P] Animation Swipe does not exist for model Goblin![m
[33m[2026/09/18 18:38:44   WARN]                   [NPC|P] Animation Idle does not exist for model Tuluk_Fisherman![m
[33m[2026/09/18 18:38:44   WARN]                   [NPC|P] Animation Swipe does not exist for model Goblin_Ogre![m
[33m[2026/09/18 18:38:44   WARN]                   [NPC|P] Animation Throw does not exist for model Goblin_Ogre![m
[33m[2026/09/18 18:38:44   WARN]                   [NPC|P] Animation Moo does not exist for model Bison_Calf![m
[33m[2026/09/18 18:38:44   WARN]                   [NPC|P] Animation Sleep does not exist for model Slug_Magma![m
[33m[2026/09/18 18:38:44   WARN]                   [NPC|P] Animation Alerted does not exist for model Slug_Magma![m
[33m[2026/09/18 18:38:44   WARN]                   [NPC|P] Animation Laydown does not exist for model Slug_Magma![m
[33m[2026/09/18 18:38:44   WARN]                   [NPC|P] Animation Wake does not exist for model Slug_Magma![m
[33m[2026/09/18 18:38:44   WARN]                   [NPC|P] Animation Alerted does not exist for model Kweebec_Rootling![m
[33m[2026/09/18 18:38:44   WARN]                   [NPC|P] Animation Eat does not exist for model Spark_Living![m
[33m[2026/09/18 18:38:44   WARN]                   [NPC|P] Animation Sleep does not exist for model Wraith_Lantern![m
[33m[2026/09/18 18:38:44   WARN]                   [NPC|P] Animation Alerted does not exist for model Wraith_Lantern![m
[33m[2026/09/18 18:38:44   WARN]                   [NPC|P] Animation Laydown does not exist for model Wraith_Lantern![m
[33m[2026/09/18 18:38:44   WARN]                   [NPC|P] Animation Wake does not exist for model Wraith_Lantern![m
[33m[2026/09/18 18:38:44   WARN]                   [NPC|P] Animation Eat does not exist for model Hatworm![m
[33m[2026/09/18 18:38:44   WARN]                   [NPC|P] Animation Alerted does not exist for model Scarak_Broodmother![m
[33m[2026/09/18 18:38:44   WARN]                   [NPC|P] Animation Alerted does not exist for model Scarak_Broodmother![m
[33m[2026/09/18 18:38:44   WARN]                   [NPC|P] Animation Eat does not exist for model Lizard_Sand![m
[33m[2026/09/18 18:38:44   WARN]                   [NPC|P] Animation Alerted does not exist for model Scarak_Broodmother![m
[33m[2026/09/18 18:38:44   WARN]                   [NPC|P] Animation Eat does not exist for model Trillodon![m
[m[2026/09/18 18:38:44   INFO]                   [NPC|P] Validation complete.[m
[m[2026/09/18 18:38:44   INFO]                   [NPC|P] Starting to load builders![m
[m[2026/09/18 18:38:44   INFO]                   [NPC|P] Validating loaded configurations...[m
[33m[2026/09/18 18:38:44   WARN]                   [NPC|P] Animation Swipe does not exist for model Goblin![m
[33m[2026/09/18 18:38:44   WARN]                   [NPC|P] Animation Idle does not exist for model Tuluk_Fisherman![m
[33m[2026/09/18 18:38:44   WARN]                   [NPC|P] Animation Swipe does not exist for model Goblin_Ogre![m
[33m[2026/09/18 18:38:44   WARN]                   [NPC|P] Animation Throw does not exist for model Goblin_Ogre![m
[33m[2026/09/18 18:38:44   WARN]                   [NPC|P] Animation Moo does not exist for model Bison_Calf![m
[33m[2026/09/18 18:38:44   WARN]                   [NPC|P] Animation Sleep does not exist for model Slug_Magma![m
[33m[2026/09/18 18:38:44   WARN]                   [NPC|P] Animation Alerted does not exist for model Slug_Magma![m
[33m[2026/09/18 18:38:44   WARN]                   [NPC|P] Animation Laydown does not exist for model Slug_Magma![m
[33m[2026/09/18 18:38:44   WARN]                   [NPC|P] Animation Wake does not exist for model Slug_Magma![m
[33m[2026/09/18 18:38:44   WARN]                   [NPC|P] Animation Alerted does not exist for model Kweebec_Rootling![m
[33m[2026/09/18 18:38:44   WARN]                   [NPC|P] Animation Eat does not exist for model Spark_Living![m
[33m[2026/09/18 18:38:44   WARN]                   [NPC|P] Animation Sleep does not exist for model Wraith_Lantern![m
[33m[2026/09/18 18:38:44   WARN]                   [NPC|P] Animation Alerted does not exist for model Wraith_Lantern![m
[33m[2026/09/18 18:38:44   WARN]                   [NPC|P] Animation Laydown does not exist for model Wraith_Lantern![m
[33m[2026/09/18 18:38:44   WARN]                   [NPC|P] Animation Wake does not exist for model Wraith_Lantern![m
[33m[2026/09/18 18:38:44   WARN]                   [NPC|P] Animation Eat does not exist for model Hatworm![m
[33m[2026/09/18 18:38:44   WARN]                   [NPC|P] Animation Alerted does not exist for model Scarak_Broodmother![m
[33m[2026/09/18 18:38:44   WARN]                   [NPC|P] Animation Alerted does not exist for model Scarak_Broodmother![m
[33m[2026/09/18 18:38:44   WARN]                   [NPC|P] Animation Eat does not exist for model Lizard_Sand![m
[33m[2026/09/18 18:38:44   WARN]                   [NPC|P] Animation Alerted does not exist for model Scarak_Broodmother![m
[33m[2026/09/18 18:38:44   WARN]                   [NPC|P] Animation Eat does not exist for model Trillodon![m
[m[2026/09/18 18:38:44   INFO]                   [NPC|P] Validation complete.[m
[m[2026/09/18 18:38:44   INFO]                  [Hytale] Loading NPC assets phase completed! Boot time 7sec 809ms 497us 625ns, Took 1sec 918ms 626us 365ns[m
[m[2026/09/18 18:38:44   INFO]                  [Hytale] Validating Spawn assets phase...[m
[m[2026/09/18 18:38:44   INFO]                  [Hytale] Spawn assets validation phase completed! Boot time 7sec 810ms 227us 516ns, Took 671us 551ns[m
[m[2026/09/18 18:38:44   INFO] [AetherhavenCoreBootstrap] Townsfolk role Aetherhaven_Townsfolk validated for spawn[m
[m[2026/09/18 18:38:44   INFO]             [HytaleServer] Starting plugin manager...[m
[m[2026/09/18 18:38:44   INFO]            [PluginManager] Enabled plugin Hytale:AnchorActionModule[m
[m[2026/09/18 18:38:44   INFO]            [PluginManager] Enabled plugin Hytale:AssetModule[m
[m[2026/09/18 18:38:44   INFO]            [PluginManager] Enabled plugin Hytale:BlockSetModule[m
[m[2026/09/18 18:38:44   INFO]            [PluginManager] Enabled plugin Hytale:CollisionModule[m
[m[2026/09/18 18:38:44   INFO]            [PluginManager] Enabled plugin Hytale:CommandMacro[m
[m[2026/09/18 18:38:44   INFO]            [PluginManager] Enabled plugin Hytale:ConsoleModule[m
[m[2026/09/18 18:38:44   INFO]            [PluginManager] Enabled plugin Hytale:CosmeticsModule[m
[m[2026/09/18 18:38:44   INFO]            [PluginManager] Enabled plugin Hytale:CrouchSlide[m
[m[2026/09/18 18:38:44   INFO]            [PluginManager] Enabled plugin Hytale:DebugPlugin[m
[m[2026/09/18 18:38:44   INFO]            [PluginManager] Enabled plugin Hytale:DiscoveryModule[m
[m[2026/09/18 18:38:44   INFO]          [HytaleGenerator] Concurrency report:
	Low Priority: 3 / 24 threads
	Normal Priority: 21 / 24 threads
	High Priority: 23 / 24 threads[m
[m[2026/09/18 18:38:44   INFO]            [PluginManager] Enabled plugin Hytale:HytaleGenerator[m
[m[2026/09/18 18:38:44   INFO]            [PluginManager] Enabled plugin Hytale:ItemModule[m
[m[2026/09/18 18:38:44   INFO]            [PluginManager] Enabled plugin Hytale:LANDiscovery[m
[m[2026/09/18 18:38:44   INFO]            [PluginManager] Enabled plugin Hytale:LegacyModule[m
[m[2026/09/18 18:38:44   INFO]         [LiveConfigModule] LiveConfig starting (patchline=release, os=linux, arch=amd64)[m
[m[2026/09/18 18:38:44   INFO]            [PluginManager] Enabled plugin Hytale:LiveConfigModule[m
[m[2026/09/18 18:38:44   INFO]            [PluginManager] Enabled plugin Hytale:Mantling[m
[m[2026/09/18 18:38:44   INFO]            [PluginManager] Enabled plugin Hytale:MigrationModule[m
[m[2026/09/18 18:38:44   INFO]            [PluginManager] Enabled plugin Hytale:PermissionsModule[m
[m[2026/09/18 18:38:44   INFO]            [PluginManager] Enabled plugin Hytale:SafetyRoll[m
[m[2026/09/18 18:38:44   INFO]            [PluginManager] Enabled plugin Hytale:ServerManager[m
[m[2026/09/18 18:38:44   INFO]            [PluginManager] Enabled plugin Hytale:SplitVelocity[m
[m[2026/09/18 18:38:44   INFO]            [PluginManager] Enabled plugin Hytale:SprintForce[m
[m[2026/09/18 18:38:44   INFO]            [PluginManager] Enabled plugin Hytale:TagSet[m
[m[2026/09/18 18:38:44   INFO]            [PluginManager] Enabled plugin Hytale:TimeModule[m
[33m[2026/09/18 18:38:44   WARN] [io.netty.bootstrap.Bootstrap] Unknown channel option 'IP_DONTFRAGMENT' for channel '[id: 0xe2a258a0]' of type 'class io.netty.channel.epoll.EpollDatagramChannel'[m
[m[2026/09/18 18:38:44   INFO]                [PluginManager] Enabled plugin Hytale:Universe[m
[33m[2026/09/18 18:38:44   WARN]                [QUICTransport] UDP receive buffer is 8388608 bytes (effective 4194304), below the 25165824-byte autotune window. Raise net.core.rmem_max so inbound bursts are not dropped[m
[m[2026/09/18 18:38:44   INFO]              [ServerManager|P] Listening on /[0:0:0:0:0:0:0:0]:5520 and took 2ms 711us 388ns[m
[33m[2026/09/18 18:38:44   WARN] [io.netty.bootstrap.Bootstrap] Unknown channel option 'IP_DONTFRAGMENT' for channel '[id: 0x9667a8b3]' of type 'class io.netty.channel.epoll.EpollDatagramChannel'[m
[33m[2026/09/18 18:38:44   WARN]                 [UpdateModule] Update checker disabled: invalid folder layout. Expected to run from Server/ with Assets.zip and start.sh/bat in parent directory.[m
[m[2026/09/18 18:38:44   INFO]                [PluginManager] Enabled plugin Hytale:UpdateModule[m
[m[2026/09/18 18:38:44   INFO]                [PluginManager] Enabled plugin Hytale:WorldLocationCondition[m
[33m[2026/09/18 18:38:44   WARN]                [QUICTransport] UDP receive buffer is 8388608 bytes (effective 4194304), below the 25165824-byte autotune window. Raise net.core.rmem_max so inbound bursts are not dropped[m
[m[2026/09/18 18:38:44   INFO]              [ServerManager|P] Listening on /0.0.0.0:5520 and took 604us 116ns[m
[33m[2026/09/18 18:38:44   WARN] [io.netty.bootstrap.Bootstrap] Unknown channel option 'IP_DONTFRAGMENT' for channel '[id: 0x2fb1eeeb]' of type 'class io.netty.channel.epoll.EpollDatagramChannel'[m
[33m[2026/09/18 18:38:44   WARN]                [QUICTransport] UDP receive buffer is 8388608 bytes (effective 4194304), below the 25165824-byte autotune window. Raise net.core.rmem_max so inbound bursts are not dropped[m
[m[2026/09/18 18:38:44   INFO]              [ServerManager|P] Listening on /[0:0:0:0:0:0:0:1]:5520 and took 502us 829ns[m
[m[2026/09/18 18:38:44   INFO]                [PluginManager] Enabled plugin Hytale:AccessControlModule[m
[m[2026/09/18 18:38:44   INFO]                [PluginManager] Enabled plugin Hytale:BlockAnimationModule[m
[m[2026/09/18 18:38:44   INFO]                [PluginManager] Enabled plugin Hytale:BlockHealthModule[m
[m[2026/09/18 18:38:44   INFO]                [PluginManager] Enabled plugin Hytale:BlockModule[m
[m[2026/09/18 18:38:44   INFO]                [PluginManager] Enabled plugin Hytale:BlockTick[m
[m[2026/09/18 18:38:44   INFO]                [PluginManager] Enabled plugin Hytale:BlockTypeModule[m
[m[2026/09/18 18:38:44   INFO]                [PluginManager] Enabled plugin Hytale:CommonAssetModule[m
[m[2026/09/18 18:38:44   INFO]                [PluginManager] Enabled plugin Hytale:EntityModule[m
[m[2026/09/18 18:38:44   INFO]                [PluginManager] Enabled plugin Hytale:FlyCameraModule[m
[m[2026/09/18 18:38:44   INFO]                [PluginManager] Enabled plugin Hytale:I18nModule[m
[m[2026/09/18 18:38:44   INFO]                [PluginManager] Enabled plugin Hytale:Model[m
[m[2026/09/18 18:38:44   INFO]                [PluginManager] Enabled plugin Hytale:RandomTick[m
[m[2026/09/18 18:38:44   INFO]                [PluginManager] Enabled plugin Hytale:ServerPlayerListModule[m
[m[2026/09/18 18:38:44   INFO]                [PluginManager] Enabled plugin Hytale:TelemetryModule[m
[m[2026/09/18 18:38:44   INFO]                [PluginManager] Enabled plugin Hytale:Ambience[m
[m[2026/09/18 18:38:44   INFO]                [PluginManager] Enabled plugin Hytale:AssetEditor[m
[m[2026/09/18 18:38:44   INFO]                [PluginManager] Enabled plugin Hytale:Audio[m
[m[2026/09/18 18:38:44   INFO]                [PluginManager] Enabled plugin Hytale:FallingBlocks[m
[m[2026/09/18 18:38:44   INFO]                [PluginManager] Enabled plugin Hytale:Fluid[m
[m[2026/09/18 18:38:44   INFO]                [PluginManager] Enabled plugin Hytale:InteractionModule[m
[m[2026/09/18 18:38:44   INFO]                [PluginManager] Enabled plugin Hytale:Parkour[m
[m[2026/09/18 18:38:44   INFO]                [PluginManager] Enabled plugin Hytale:PrefabSpawnerModule[m
[m[2026/09/18 18:38:44   INFO]                [PluginManager] Enabled plugin Hytale:ProjectileModule[m
[m[2026/09/18 18:38:44   INFO]                [PluginManager] Enabled plugin Hytale:ReactiveBlocks[m
[m[2026/09/18 18:38:44   INFO]                [PluginManager] Enabled plugin Hytale:Reputation[m
[m[2026/09/18 18:38:44   INFO]                [PluginManager] Enabled plugin Hytale:Stash[m
[m[2026/09/18 18:38:44   INFO]                [PluginManager] Enabled plugin Hytale:Teleport[m
[m[2026/09/18 18:38:44   INFO]                [VoiceModule|P] [Voice] Started position cache update task (100ms interval)[m
[m[2026/09/18 18:38:44   INFO]                [PluginManager] Enabled plugin Hytale:VoiceModule[m
[m[2026/09/18 18:38:44   INFO]                [PluginManager] Enabled plugin Hytale:Weather[m
[m[2026/09/18 18:38:44   INFO]                [PluginManager] Enabled plugin Hytale:WorldGen[m
[m[2026/09/18 18:38:44   INFO]                [PluginManager] Enabled plugin Hytale:BlockPhysics[m
[m[2026/09/18 18:38:44   INFO]                [PluginManager] Enabled plugin Hytale:BuilderTools[m
[m[2026/09/18 18:38:44   INFO]                [PluginManager] Enabled plugin Hytale:ConnectedBlocksModule[m
[m[2026/09/18 18:38:44   INFO]                [PluginManager] Enabled plugin Hytale:Crafting[m
[m[2026/09/18 18:38:44   INFO]                [PluginManager] Enabled plugin Hytale:Deployables[m
[m[2026/09/18 18:38:44   INFO]                [PluginManager] Enabled plugin Hytale:EntityStatsModule[m
[m[2026/09/18 18:38:44   INFO]                [PluginManager] Enabled plugin Hytale:GameFlags[m
[m[2026/09/18 18:38:44   INFO]                [PluginManager] Enabled plugin Hytale:Locate[m
[m[2026/09/18 18:38:44   INFO]                [PluginManager] Enabled plugin Hytale:Objectives[m
[m[2026/09/18 18:38:44   INFO]              [BarterShopState] Loaded barter shop state with 0 shops[m
[m[2026/09/18 18:38:44   INFO]                       [Shop|P] Barter shop state initialized[m
[m[2026/09/18 18:38:44   INFO]                [PluginManager] Enabled plugin Hytale:Shop[m
[m[2026/09/18 18:38:44   INFO]                [PluginManager] Enabled plugin Hytale:SingleplayerModule[m
[m[2026/09/18 18:38:44   INFO]                [PluginManager] Enabled plugin Hytale:Teleporter[m
[m[2026/09/18 18:38:44   INFO]                [World|default] Loading world 'default' with generator type: 'HytaleWorldGenProvider{name='Default', version=0.0.0, path='null'}' and chunk storage: 'DefaultChunkStorageProvider{DEFAULT=IndexedStorageChunkStorageProvider{}}'...[m
[m[2026/09/18 18:38:44   INFO]                [PluginManager] Enabled plugin Hytale:WorldEvents[m
[m[2026/09/18 18:38:44   INFO]                [PluginManager] Enabled plugin Hytale:BlockSpawner[m
[m[2026/09/18 18:38:44   INFO]                [PluginManager] Enabled plugin Hytale:EntityUIModule[m
[m[2026/09/18 18:38:44   INFO]                [PluginManager] Enabled plugin Hytale:Farming[m
[m[2026/09/18 18:38:44   INFO]                [PluginManager] Enabled plugin Hytale:Instances[m
[m[2026/09/18 18:38:44   INFO]                [PluginManager] Enabled plugin Hytale:ObjectiveReputation[m
[m[2026/09/18 18:38:44   INFO]                [PluginManager] Enabled plugin Hytale:ObjectiveShop[m
[m[2026/09/18 18:38:44   INFO]                [PluginManager] Enabled plugin Hytale:Path[m
[m[2026/09/18 18:38:44   INFO]                [PluginManager] Enabled plugin Hytale:Points[m
[m[2026/09/18 18:38:44   INFO]                [PluginManager] Enabled plugin Hytale:ShopReputation[m
[m[2026/09/18 18:38:44   INFO]                [PluginManager] Enabled plugin Hytale:StaminaModule[m
[m[2026/09/18 18:38:44   INFO]                [PluginManager] Enabled plugin Hytale:Wilderness[m
[m[2026/09/18 18:38:44   INFO]                [PluginManager] Enabled plugin Hytale:AugmentBlocks[m
[m[2026/09/18 18:38:44   INFO]                [PluginManager] Enabled plugin Hytale:CreativeHub[m
[m[2026/09/18 18:38:44   INFO]                [PluginManager] Enabled plugin Hytale:DamageModule[m
[m[2026/09/18 18:38:44   INFO]                [PluginManager] Enabled plugin Hytale:Camera[m
[m[2026/09/18 18:38:44   INFO]                [PluginManager] Enabled plugin Hytale:NPC[m
[m[2026/09/18 18:38:44   INFO]                [PluginManager] Enabled plugin Hytale:EncounterManager[m
[m[2026/09/18 18:38:44   INFO]                [PluginManager] Enabled plugin Hytale:Flock[m
[m[2026/09/18 18:38:44   INFO]                [World|default] Added world 'default' - Seed: 1789667479775, GameTime: 0001-01-05T12:00:00Z[m
[m[2026/09/18 18:38:44   INFO]                [PluginManager] Enabled plugin Hytale:Memories[m
[m[2026/09/18 18:38:44   INFO]                [PluginManager] Enabled plugin Hytale:Mounts[m
[m[2026/09/18 18:38:44   INFO]                [PluginManager] Enabled plugin Hytale:NPCCombatActionEvaluator[m
[m[2026/09/18 18:38:44   INFO]                [PluginManager] Enabled plugin Hytale:NPCEditor[m
[m[2026/09/18 18:38:44   INFO]                [PluginManager] Enabled plugin Hytale:NPCReputation[m
[m[2026/09/18 18:38:44   INFO]                [PluginManager] Enabled plugin Hytale:NPCShop[m
[m[2026/09/18 18:38:44   INFO]                [PluginManager] Enabled plugin Hytale:Portals[m
[33m[2026/09/18 18:38:44   WARN]                   [Spawning|P] NPCSpawn Spawns_Zone2_Fish_Shores references multiple times NPC Jellyfish_Blue. Ignoring all but first.[m
[33m[2026/09/18 18:38:44   WARN]                   [Spawning|P] NPCSpawn Wander_Zone2_Tier2 references multiple times NPC Skeleton_Sand_Guard_Wander. Ignoring all but first.[m
[m[2026/09/18 18:38:44   INFO]                   [Spawning|P] Successfully set up 96 world spawn configurations[m
[m[2026/09/18 18:38:44   INFO]                   [Spawning|P] Successfully set up 85 beacon spawn configurations[m
[m[2026/09/18 18:38:44   INFO]                [PluginManager] Enabled plugin Hytale:Spawning[m
[m[2026/09/18 18:38:44   INFO]                [PluginManager] Enabled plugin Hytale:TriggerVolumes[m
[m[2026/09/18 18:38:44   INFO]                [PluginManager] Enabled plugin Hytale:Beds[m
[m[2026/09/18 18:38:44   INFO]      [CompanionBlockSpawner|P] Companion block spawner: loaded 2 recipe(s)[m
[m[2026/09/18 18:38:44   INFO]      [CompanionBlockSpawner|P] Injected CompanionBlockSpawnerBlock into 4 block types[m
[m[2026/09/18 18:38:44   INFO]                [PluginManager] Enabled plugin Hytale:CompanionBlockSpawner[m
[m[2026/09/18 18:38:44   INFO]                [PluginManager] Enabled plugin Hytale:NPCObjectives[m
[m[2026/09/18 18:38:44   INFO]                [PluginManager] Enabled plugin Galysso:obol[m
[m[2026/09/18 18:38:44   INFO]    [VillagerDefinitionCatalog] Loaded villager definition: Aetherhaven_Bard (Hexvane:Aetherhaven:/Server/Aetherhaven/Villagers/Aetherhaven_Bard.json)[m
[m[2026/09/18 18:38:44   INFO]    [VillagerDefinitionCatalog] Loaded villager definition: Aetherhaven_Blacksmith (Hexvane:Aetherhaven:/Server/Aetherhaven/Villagers/Aetherhaven_Blacksmith.json)[m
[m[2026/09/18 18:38:44   INFO]    [VillagerDefinitionCatalog] Loaded villager definition: Aetherhaven_Builder (Hexvane:Aetherhaven:/Server/Aetherhaven/Villagers/Aetherhaven_Builder.json)[m
[m[2026/09/18 18:38:44   INFO]    [VillagerDefinitionCatalog] Loaded villager definition: Aetherhaven_Chef (Hexvane:Aetherhaven:/Server/Aetherhaven/Villagers/Aetherhaven_Chef.json)[m
[m[2026/09/18 18:38:44   INFO]    [VillagerDefinitionCatalog] Loaded villager definition: Aetherhaven_Clown (Hexvane:Aetherhaven:/Server/Aetherhaven/Villagers/Aetherhaven_Clown.json)[m
[m[2026/09/18 18:38:44   INFO]    [VillagerDefinitionCatalog] Loaded villager definition: Aetherhaven_Crystal_Keeper (Hexvane:Aetherhaven:/Server/Aetherhaven/Villagers/Aetherhaven_Crystal_Keeper.json)[m
[m[2026/09/18 18:38:44   INFO]    [VillagerDefinitionCatalog] Loaded villager definition: Aetherhaven_Elder_Lyren (Hexvane:Aetherhaven:/Server/Aetherhaven/Villagers/Aetherhaven_Elder_Lyren.json)[m
[m[2026/09/18 18:38:44   INFO]    [VillagerDefinitionCatalog] Loaded villager definition: Aetherhaven_Farmer (Hexvane:Aetherhaven:/Server/Aetherhaven/Villagers/Aetherhaven_Farmer.json)[m
[m[2026/09/18 18:38:44   INFO]    [VillagerDefinitionCatalog] Loaded villager definition: Aetherhaven_Florist (Hexvane:Aetherhaven:/Server/Aetherhaven/Villagers/Aetherhaven_Florist.json)[m
[m[2026/09/18 18:38:44   INFO]    [VillagerDefinitionCatalog] Loaded villager definition: Aetherhaven_Furniture_Merchant (Hexvane:Aetherhaven:/Server/Aetherhaven/Villagers/Aetherhaven_Furniture_Merchant.json)[m
[m[2026/09/18 18:38:44   INFO]    [VillagerDefinitionCatalog] Loaded villager definition: Aetherhaven_Guild_Master (Hexvane:Aetherhaven:/Server/Aetherhaven/Villagers/Aetherhaven_Guild_Master.json)[m
[m[2026/09/18 18:38:44   INFO]    [VillagerDefinitionCatalog] Loaded villager definition: Aetherhaven_Innkeeper (Hexvane:Aetherhaven:/Server/Aetherhaven/Villagers/Aetherhaven_Innkeeper.json)[m
[m[2026/09/18 18:38:44   INFO]    [VillagerDefinitionCatalog] Loaded villager definition: Aetherhaven_Logger (Hexvane:Aetherhaven:/Server/Aetherhaven/Villagers/Aetherhaven_Logger.json)[m
[m[2026/09/18 18:38:44   INFO]    [VillagerDefinitionCatalog] Loaded villager definition: Aetherhaven_Merchant (Hexvane:Aetherhaven:/Server/Aetherhaven/Villagers/Aetherhaven_Merchant.json)[m
[m[2026/09/18 18:38:44   INFO]    [VillagerDefinitionCatalog] Loaded villager definition: Aetherhaven_Miner (Hexvane:Aetherhaven:/Server/Aetherhaven/Villagers/Aetherhaven_Miner.json)[m
[m[2026/09/18 18:38:44   INFO]    [VillagerDefinitionCatalog] Loaded villager definition: Aetherhaven_Priestess (Hexvane:Aetherhaven:/Server/Aetherhaven/Villagers/Aetherhaven_Priestess.json)[m
[m[2026/09/18 18:38:44   INFO]    [VillagerDefinitionCatalog] Loaded villager definition: Aetherhaven_Pyrotechnic (Hexvane:Aetherhaven:/Server/Aetherhaven/Villagers/Aetherhaven_Pyrotechnic.json)[m
[m[2026/09/18 18:38:44   INFO]    [VillagerDefinitionCatalog] Loaded villager definition: Aetherhaven_Rancher (Hexvane:Aetherhaven:/Server/Aetherhaven/Villagers/Aetherhaven_Rancher.json)[m
[m[2026/09/18 18:38:44   INFO]    [VillagerDefinitionCatalog] Loaded 18 villager definition(s) from asset packs under Server/Aetherhaven/Villagers[m
[m[2026/09/18 18:38:44   INFO]                  [TownManager] Aetherhaven loaded 1 towns for world default from mods/Hexvane_Aetherhaven/worlds/default/towns.json[m
[m[2026/09/18 18:38:44   INFO]  [TownsfolkPersonalityCatalog] Loaded 35 townsfolk personality definition(s)[m
[m[2026/09/18 18:38:44   INFO]               [PoiPersistence] Aetherhaven loaded 25 POIs for world default from mods/Hexvane_Aetherhaven/worlds/default/pois.json[m
[m[2026/09/18 18:38:44   INFO]              [PropPersistence] Aetherhaven loaded 0 prop(s) for world default from mods/Hexvane_Aetherhaven/worlds/default/props.json[m
[m[2026/09/18 18:38:44   INFO]    [TownsfolkCharacterCatalog] Loaded 62 townsfolk character definition(s) from 62 asset pack file(s)[m
[m[2026/09/18 18:38:44   INFO]          [PathToolPersistence] Aetherhaven loaded 0 path commits for world default from mods/Hexvane_Aetherhaven/worlds/default/path_commits.json[m
[m[2026/09/18 18:38:44   INFO]           [SpeechVoiceCatalog] Loaded 5 speech voice profile(s)[m
[m[2026/09/18 18:38:44   INFO]       [PatrolRoutePersistence] Aetherhaven loaded 0 patrol routes for world default from mods/Hexvane_Aetherhaven/worlds/default/patrol_routes.json[m
[m[2026/09/18 18:38:44   INFO]          [ShopSpotPersistence] Aetherhaven loaded 11 shop spots for world default[m
[m[2026/09/18 18:38:44   INFO]     [TouristPortalPersistence] Aetherhaven loaded 0 tourist portal(s) for world default[m
[m[2026/09/18 18:38:44   INFO]          [WorldNpcPersistence] Aetherhaven loaded 0 world NPC placements, 0 routes, 1 player rows for world default[m
[m[2026/09/18 18:38:44   INFO]      [EquipmentProfileCatalog] Loaded 12 equipment profile(s)[m
[m[2026/09/18 18:38:44   INFO]               [WorldGenerator] Loading world-gen with the following asset-packs (highest priority first):[m
[m[2026/09/18 18:38:44   INFO]               [WorldGenerator] - [  0] Hexvane:Aetherhaven:3.2.0 - [/mnt/HOME/PROJETS/Hytale/obol/compat/aetherhaven/run/mods/Aetherhaven-3.2.0.jar][m
[m[2026/09/18 18:38:44   INFO]               [WorldGenerator] - [  1] Hytale:Hytale:0.0.0 - [/home/jocelin/.var/app/com.hypixel.HytaleLauncher/data/Hytale/install/release/package/game/latest/Assets.zip][m
[m[2026/09/18 18:38:44   INFO]          [ConstructionCatalog] Loaded 85 construction(s) from asset packs under Server/Aetherhaven/Buildings[m
[m[2026/09/18 18:38:44   INFO]     [CommunityBuildingsLoader] Loaded 2 community construction(s) from mods/Hexvane_Aetherhaven/Community/Server/Aetherhaven/Buildings[m
[m[2026/09/18 18:38:44   INFO]       [PrefabMaterialsService] Generated prefab materials for 0 construction(s) (skipped 65 already present)[m
[m[2026/09/18 18:38:44   INFO]       [PrefabMaterialsCatalog] Loaded prefab materials for 65 construction(s)[m
[m[2026/09/18 18:38:44   INFO]              [DialogueCatalog] Loaded dialogue tree: aetherhaven_bard (Hexvane:Aetherhaven:/Server/Aetherhaven/Dialogue/aetherhaven_bard.json)[m
[m[2026/09/18 18:38:44   INFO]              [DialogueCatalog] Loaded dialogue tree: aetherhaven_blacksmith (Hexvane:Aetherhaven:/Server/Aetherhaven/Dialogue/aetherhaven_blacksmith.json)[m
[m[2026/09/18 18:38:44   INFO]              [DialogueCatalog] Loaded dialogue tree: aetherhaven_builder (Hexvane:Aetherhaven:/Server/Aetherhaven/Dialogue/aetherhaven_builder.json)[m
[m[2026/09/18 18:38:44   INFO]              [DialogueCatalog] Loaded dialogue tree: aetherhaven_chef (Hexvane:Aetherhaven:/Server/Aetherhaven/Dialogue/aetherhaven_chef.json)[m
[m[2026/09/18 18:38:44   INFO]              [DialogueCatalog] Loaded dialogue tree: aetherhaven_clown (Hexvane:Aetherhaven:/Server/Aetherhaven/Dialogue/aetherhaven_clown.json)[m
[m[2026/09/18 18:38:44   INFO]              [DialogueCatalog] Loaded dialogue tree: aetherhaven_clown_rescue (Hexvane:Aetherhaven:/Server/Aetherhaven/Dialogue/aetherhaven_clown_rescue.json)[m
[m[2026/09/18 18:38:44   INFO]              [DialogueCatalog] Loaded dialogue tree: aetherhaven_crystal_keeper (Hexvane:Aetherhaven:/Server/Aetherhaven/Dialogue/aetherhaven_crystal_keeper.json)[m
[m[2026/09/18 18:38:44   INFO]              [DialogueCatalog] Loaded dialogue tree: aetherhaven_crystal_keeper_rescue (Hexvane:Aetherhaven:/Server/Aetherhaven/Dialogue/aetherhaven_crystal_keeper_rescue.json)[m
[m[2026/09/18 18:38:44   INFO]              [DialogueCatalog] Loaded dialogue tree: aetherhaven_elder (Hexvane:Aetherhaven:/Server/Aetherhaven/Dialogue/aetherhaven_elder.json)[m
[m[2026/09/18 18:38:44   INFO]              [DialogueCatalog] Loaded dialogue tree: aetherhaven_farmer (Hexvane:Aetherhaven:/Server/Aetherhaven/Dialogue/aetherhaven_farmer.json)[m
[m[2026/09/18 18:38:44   INFO]              [DialogueCatalog] Loaded dialogue tree: aetherhaven_festival_carnival_balloon (Hexvane:Aetherhaven:/Server/Aetherhaven/Dialogue/aetherhaven_festival_carnival_balloon.json)[m
[m[2026/09/18 18:38:44   INFO]              [DialogueCatalog] Loaded dialogue tree: aetherhaven_festival_carnival_merchant (Hexvane:Aetherhaven:/Server/Aetherhaven/Dialogue/aetherhaven_festival_carnival_merchant.json)[m
[m[2026/09/18 18:38:44   INFO]              [DialogueCatalog] Loaded dialogue tree: aetherhaven_festival_carnival_whack (Hexvane:Aetherhaven:/Server/Aetherhaven/Dialogue/aetherhaven_festival_carnival_whack.json)[m
[m[2026/09/18 18:38:44   INFO]              [DialogueCatalog] Loaded dialogue tree: aetherhaven_festival_carnival_wheel (Hexvane:Aetherhaven:/Server/Aetherhaven/Dialogue/aetherhaven_festival_carnival_wheel.json)[m
[m[2026/09/18 18:38:44   INFO]              [DialogueCatalog] Loaded dialogue tree: aetherhaven_festival_hallows_eve_merchant (Hexvane:Aetherhaven:/Server/Aetherhaven/Dialogue/aetherhaven_festival_hallows_eve_merchant.json)[m
[m[2026/09/18 18:38:44   INFO]              [DialogueCatalog] Loaded dialogue tree: aetherhaven_festival_pig_race_merchant (Hexvane:Aetherhaven:/Server/Aetherhaven/Dialogue/aetherhaven_festival_pig_race_merchant.json)[m
[m[2026/09/18 18:38:44   INFO]              [DialogueCatalog] Loaded dialogue tree: aetherhaven_festival_seed_seller (Hexvane:Aetherhaven:/Server/Aetherhaven/Dialogue/aetherhaven_festival_seed_seller.json)[m
[m[2026/09/18 18:38:44   INFO]              [DialogueCatalog] Loaded dialogue tree: aetherhaven_festival_snowball_merchant (Hexvane:Aetherhaven:/Server/Aetherhaven/Dialogue/aetherhaven_festival_snowball_merchant.json)[m
[m[2026/09/18 18:38:44   INFO]              [DialogueCatalog] Loaded dialogue tree: aetherhaven_festival_tree_climb_attendant (Hexvane:Aetherhaven:/Server/Aetherhaven/Dialogue/aetherhaven_festival_tree_climb_attendant.json)[m
[m[2026/09/18 18:38:44   INFO]              [DialogueCatalog] Loaded dialogue tree: aetherhaven_festival_tree_climb_merchant (Hexvane:Aetherhaven:/Server/Aetherhaven/Dialogue/aetherhaven_festival_tree_climb_merchant.json)[m
[m[2026/09/18 18:38:44   INFO]              [DialogueCatalog] Loaded dialogue tree: aetherhaven_festival_wintertide_gift (Hexvane:Aetherhaven:/Server/Aetherhaven/Dialogue/aetherhaven_festival_wintertide_gift.json)[m
[m[2026/09/18 18:38:44   INFO]              [DialogueCatalog] Loaded dialogue tree: aetherhaven_festival_wintertide_incoming (Hexvane:Aetherhaven:/Server/Aetherhaven/Dialogue/aetherhaven_festival_wintertide_incoming.json)[m
[m[2026/09/18 18:38:44   INFO]              [DialogueCatalog] Loaded dialogue tree: aetherhaven_festival_wintertide_merchant (Hexvane:Aetherhaven:/Server/Aetherhaven/Dialogue/aetherhaven_festival_wintertide_merchant.json)[m
[m[2026/09/18 18:38:44   INFO]              [DialogueCatalog] Loaded dialogue tree: aetherhaven_festival_wintertide_player_gift (Hexvane:Aetherhaven:/Server/Aetherhaven/Dialogue/aetherhaven_festival_wintertide_player_gift.json)[m
[m[2026/09/18 18:38:44   INFO]              [DialogueCatalog] Loaded dialogue tree: aetherhaven_florist (Hexvane:Aetherhaven:/Server/Aetherhaven/Dialogue/aetherhaven_florist.json)[m
[m[2026/09/18 18:38:44   INFO]              [DialogueCatalog] Loaded dialogue tree: aetherhaven_furniture_merchant (Hexvane:Aetherhaven:/Server/Aetherhaven/Dialogue/aetherhaven_furniture_merchant.json)[m
[m[2026/09/18 18:38:44   INFO]              [DialogueCatalog] Loaded dialogue tree: aetherhaven_guard (Hexvane:Aetherhaven:/Server/Aetherhaven/Dialogue/aetherhaven_guard.json)[m
[m[2026/09/18 18:38:44   INFO]              [DialogueCatalog] Loaded dialogue tree: aetherhaven_guild_adventurer (Hexvane:Aetherhaven:/Server/Aetherhaven/Dialogue/aetherhaven_guild_adventurer.json)[m
[m[2026/09/18 18:38:44   INFO]              [DialogueCatalog] Loaded dialogue tree: aetherhaven_guild_master (Hexvane:Aetherhaven:/Server/Aetherhaven/Dialogue/aetherhaven_guild_master.json)[m
[m[2026/09/18 18:38:44   INFO]              [DialogueCatalog] Loaded dialogue tree: aetherhaven_inn_welcome (Hexvane:Aetherhaven:/Server/Aetherhaven/Dialogue/aetherhaven_innkeeper.json)[m
[m[2026/09/18 18:38:44   INFO]              [DialogueCatalog] Loaded dialogue tree: aetherhaven_logger (Hexvane:Aetherhaven:/Server/Aetherhaven/Dialogue/aetherhaven_logger.json)[m
[m[2026/09/18 18:38:44   INFO]              [DialogueCatalog] Loaded dialogue tree: aetherhaven_merchant (Hexvane:Aetherhaven:/Server/Aetherhaven/Dialogue/aetherhaven_merchant.json)[m
[m[2026/09/18 18:38:44   INFO]              [DialogueCatalog] Loaded dialogue tree: aetherhaven_miner (Hexvane:Aetherhaven:/Server/Aetherhaven/Dialogue/aetherhaven_miner.json)[m
[m[2026/09/18 18:38:44   INFO]              [DialogueCatalog] Loaded dialogue tree: aetherhaven_player_birthday_incoming (Hexvane:Aetherhaven:/Server/Aetherhaven/Dialogue/aetherhaven_player_birthday_incoming.json)[m
[m[2026/09/18 18:38:44   INFO]              [DialogueCatalog] Loaded dialogue tree: aetherhaven_priestess (Hexvane:Aetherhaven:/Server/Aetherhaven/Dialogue/aetherhaven_priestess.json)[m
[m[2026/09/18 18:38:44   INFO]              [DialogueCatalog] Loaded dialogue tree: aetherhaven_pyrotechnic (Hexvane:Aetherhaven:/Server/Aetherhaven/Dialogue/aetherhaven_pyrotechnic.json)[m
[m[2026/09/18 18:38:44   INFO]              [DialogueCatalog] Loaded dialogue tree: aetherhaven_pyrotechnic_rescue (Hexvane:Aetherhaven:/Server/Aetherhaven/Dialogue/aetherhaven_pyrotechnic_rescue.json)[m
[m[2026/09/18 18:38:44   INFO]              [DialogueCatalog] Loaded dialogue tree: aetherhaven_rancher (Hexvane:Aetherhaven:/Server/Aetherhaven/Dialogue/aetherhaven_rancher.json)[m
[m[2026/09/18 18:38:44   INFO]              [DialogueCatalog] Loaded dialogue tree: aetherhaven_tourist (Hexvane:Aetherhaven:/Server/Aetherhaven/Dialogue/aetherhaven_tourist.json)[m
[m[2026/09/18 18:38:44   INFO]              [DialogueCatalog] Loaded dialogue tree: aetherhaven_townsfolk_generic (Hexvane:Aetherhaven:/Server/Aetherhaven/Dialogue/aetherhaven_townsfolk_generic.json)[m
[m[2026/09/18 18:38:44   INFO]              [DialogueCatalog] Loaded dialogue tree: aetherhaven_visitor_elder (Hexvane:Aetherhaven:/Server/Aetherhaven/Dialogue/aetherhaven_visitor_elder.json)[m
[m[2026/09/18 18:38:44   INFO]              [DialogueCatalog] Loaded dialogue tree: aetherhaven_visitor_generic (Hexvane:Aetherhaven:/Server/Aetherhaven/Dialogue/aetherhaven_visitor_generic.json)[m
[m[2026/09/18 18:38:44   INFO]              [DialogueCatalog] Loaded dialogue tree: aetherhaven_visitor_inn (Hexvane:Aetherhaven:/Server/Aetherhaven/Dialogue/aetherhaven_visitor_inn.json)[m
[m[2026/09/18 18:38:44   INFO]              [DialogueCatalog] Loaded 43 dialogue tree(s) from asset packs under Server/Aetherhaven/Dialogue[m
[m[2026/09/18 18:38:44   INFO]                 [QuestCatalog] Loaded 46 quest definition(s) from asset packs under Server/Aetherhaven/Quests[m
[m[2026/09/18 18:38:44   INFO]            [QuestBoardCatalog] Merged quest board config from pack Hexvane:Quests (/mnt/HOME/PROJETS/Hytale/obol/compat/aetherhaven/build/hytale-vine-runtime/classpath/Aetherhaven-3.2.0/subplugin-packs/Quests/Server/Aetherhaven/quest_board.json)[m
[m[2026/09/18 18:38:44   INFO]            [QuestBoardCatalog] Loaded quest board config (1 board file(s), 0 extension(s), 8 rank tiers, 14 villager roles)[m
[m[2026/09/18 18:38:44   INFO]       [WorldQuestBoardCatalog] Loaded world quest board profile hub_default from /mnt/HOME/PROJETS/Hytale/obol/compat/aetherhaven/build/hytale-vine-runtime/classpath/Aetherhaven-3.2.0/subplugin-packs/WorldNpcs/Server/Aetherhaven/WorldQuestBoards/hub_default.json[m
[m[2026/09/18 18:38:44   INFO]               [WorldGenerator] Set prefab-loader config: path=/Server/World/Default, store=ASSETS[m
[m[2026/09/18 18:38:45   INFO]              [FestivalCatalog] Loaded 8 festival(s): [carnival, hallows_eve, market, new_life, pig_race, snowball, tree_climbing, wintertide][m
[m[2026/09/18 18:38:45   INFO]                  [PropCatalog] Loaded 33 prop(s): [figurine_shelf_scarak, skeleton_coffin, figurine_shelf_critter, fish_barrel, aqua_lamp, balloons, candle_stump, figurine_shelf_void, spooky_terrarium, streetlight, figurine_shelf_feran, festival_flag, potion_shelf, figurine_shelf_outlander, hytiny_shrine, kweebec_shrine, figurine_shelf_zombie, flower_basket, hytiny_japanese_lantern, zombie_grave, figurine_shelf_goblin, palm_streetlight, figurine_shelf_slothian, figurine_shelf_trork, fish_plaque, pig_pile, mertie_statue, weapon_rack, cabbage_trough, plant_arch, figurine_shelf_kweebec, figurine_shelf_skeletons, figurine_shelf_predator][m
[m[2026/09/18 18:38:45   INFO]          [BlockPaletteCatalog] Loaded 192 block palette(s) in 10 categor(ies), 0 remap group(s)[m
[m[2026/09/18 18:38:45   INFO]      [VillagerCosmeticCatalog] Loaded 20 villager cosmetic(s)[m
[m[2026/09/18 18:38:45   INFO]     [VillagerScheduleRegistry] Loaded villager schedule: Aetherhaven_Bard (33 transitions) (Hexvane:Aetherhaven:/Server/Aetherhaven/VillagerSchedules/Aetherhaven_Bard.json)[m
[m[2026/09/18 18:38:45   INFO]     [VillagerScheduleRegistry] Loaded villager schedule: Aetherhaven_Blacksmith (36 transitions) (Hexvane:Aetherhaven:/Server/Aetherhaven/VillagerSchedules/Aetherhaven_Blacksmith.json)[m
[m[2026/09/18 18:38:45   INFO]     [VillagerScheduleRegistry] Loaded villager schedule: Aetherhaven_Builder (36 transitions) (Hexvane:Aetherhaven:/Server/Aetherhaven/VillagerSchedules/Aetherhaven_Builder.json)[m
[m[2026/09/18 18:38:45   INFO]     [VillagerScheduleRegistry] Loaded villager schedule: Aetherhaven_Chef (33 transitions) (Hexvane:Aetherhaven:/Server/Aetherhaven/VillagerSchedules/Aetherhaven_Chef.json)[m
[m[2026/09/18 18:38:45   INFO]     [VillagerScheduleRegistry] Loaded villager schedule: Aetherhaven_Clown (33 transitions) (Hexvane:Aetherhaven:/Server/Aetherhaven/VillagerSchedules/Aetherhaven_Clown.json)[m
[m[2026/09/18 18:38:45   INFO]     [VillagerScheduleRegistry] Loaded villager schedule: Aetherhaven_Crystal_Keeper (36 transitions) (Hexvane:Aetherhaven:/Server/Aetherhaven/VillagerSchedules/Aetherhaven_Crystal_Keeper.json)[m
[m[2026/09/18 18:38:45   INFO]     [VillagerScheduleRegistry] Loaded villager schedule: Aetherhaven_Elder_Lyren (36 transitions) (Hexvane:Aetherhaven:/Server/Aetherhaven/VillagerSchedules/Aetherhaven_Elder_Lyren.json)[m
[m[2026/09/18 18:38:45   INFO]     [VillagerScheduleRegistry] Loaded villager schedule: Aetherhaven_Farmer (34 transitions) (Hexvane:Aetherhaven:/Server/Aetherhaven/VillagerSchedules/Aetherhaven_Farmer.json)[m
[m[2026/09/18 18:38:45   INFO]     [VillagerScheduleRegistry] Loaded villager schedule: Aetherhaven_Florist (36 transitions) (Hexvane:Aetherhaven:/Server/Aetherhaven/VillagerSchedules/Aetherhaven_Florist.json)[m
[m[2026/09/18 18:38:45   INFO]     [VillagerScheduleRegistry] Loaded villager schedule: Aetherhaven_Furniture_Merchant (36 transitions) (Hexvane:Aetherhaven:/Server/Aetherhaven/VillagerSchedules/Aetherhaven_Furniture_Merchant.json)[m
[m[2026/09/18 18:38:45   INFO]     [VillagerScheduleRegistry] Loaded villager schedule: Aetherhaven_Guild_Master (33 transitions) (Hexvane:Aetherhaven:/Server/Aetherhaven/VillagerSchedules/Aetherhaven_Guild_Master.json)[m
[m[2026/09/18 18:38:45   INFO]     [VillagerScheduleRegistry] Loaded villager schedule: Aetherhaven_Innkeeper (34 transitions) (Hexvane:Aetherhaven:/Server/Aetherhaven/VillagerSchedules/Aetherhaven_Innkeeper.json)[m
[m[2026/09/18 18:38:45   INFO]     [VillagerScheduleRegistry] Loaded villager schedule: Aetherhaven_Logger (34 transitions) (Hexvane:Aetherhaven:/Server/Aetherhaven/VillagerSchedules/Aetherhaven_Logger.json)[m
[m[2026/09/18 18:38:45   INFO]     [VillagerScheduleRegistry] Loaded villager schedule: Aetherhaven_Merchant (33 transitions) (Hexvane:Aetherhaven:/Server/Aetherhaven/VillagerSchedules/Aetherhaven_Merchant.json)[m
[m[2026/09/18 18:38:45   INFO]     [VillagerScheduleRegistry] Loaded villager schedule: Aetherhaven_Miner (34 transitions) (Hexvane:Aetherhaven:/Server/Aetherhaven/VillagerSchedules/Aetherhaven_Miner.json)[m
[m[2026/09/18 18:38:45   INFO]     [VillagerScheduleRegistry] Loaded villager schedule: Aetherhaven_Priestess (33 transitions) (Hexvane:Aetherhaven:/Server/Aetherhaven/VillagerSchedules/Aetherhaven_Priestess.json)[m
[m[2026/09/18 18:38:45   INFO]     [VillagerScheduleRegistry] Loaded villager schedule: Aetherhaven_Pyrotechnic (36 transitions) (Hexvane:Aetherhaven:/Server/Aetherhaven/VillagerSchedules/Aetherhaven_Pyrotechnic.json)[m
[m[2026/09/18 18:38:45   INFO]     [VillagerScheduleRegistry] Loaded villager schedule: Aetherhaven_Rancher (36 transitions) (Hexvane:Aetherhaven:/Server/Aetherhaven/VillagerSchedules/Aetherhaven_Rancher.json)[m
[m[2026/09/18 18:38:45   INFO]     [VillagerScheduleRegistry] Loaded villager schedule: Aetherhaven_Test_Villager (34 transitions) (Hexvane:Aetherhaven:/Server/Aetherhaven/VillagerSchedules/Aetherhaven_Test_Villager.json)[m
[m[2026/09/18 18:38:45   INFO]     [VillagerScheduleRegistry] Loaded 19 villager schedule(s) from asset packs under Server/Aetherhaven/VillagerSchedules[m
[m[2026/09/18 18:38:45   INFO]            [AetherhavenPlugin] Aetherhaven asset catalogs reloaded (constructions=[plot_jimmys_builders_workshop, plot_jimmys_church, plot_jimmys_house, plot_jimmys_house_2, plot_jimmys_house_3, plot_jimmys_house_4, plot_jimmys_lumbermill, plot_jimmys_tavern, plot_jimmys_town_hall, plot_jszzas_church, plot_jszzas_clock_tower, plot_jszzas_guard_tower_1, plot_jszzas_guard_tower_2, plot_jszzas_guardian_angel, plot_jszzas_hot_air_balloon, plot_jszzas_house, plot_jszzas_mine, plot_jszzas_small_castle, plot_jszzas_tavern, plot_jszzas_town_hall, plot_jszzas_windmill, plot_jszzas_wizard_tower, plot_stormwind_barn, plot_stormwind_blacksmith, plot_stormwind_construction_co, plot_stormwind_crystal_shop, plot_stormwind_explosion_inc, plot_stormwind_farm, plot_stormwind_flower_shop, plot_stormwind_general_store, plot_stormwind_guild_hall, plot_stormwind_inn, plot_stormwind_lumbermill, plot_stormwind_mine, plot_stormwind_player_shop, plot_stormwind_portal, plot_stormwind_restaurant, plot_stormwind_temple, plot_stormwind_town_hall, plot_stormwind_townhouse, plot_stormwind_townhouse_left_corner, plot_stormwind_townhouse_right_corner, plot_barn, plot_barn_hytiny, plot_blacksmith_shop, plot_bomb_shop, plot_builders_hut, plot_clown_tent, plot_crystal_keepers_shop, plot_decoration_hytiny_potted_treehouse, plot_farm, plot_festival_square, plot_flower_shop, plot_furniture_shop, plot_gaia_altar, plot_house, plot_house_hytiny_cozy_camper, plot_house_hytiny_cozy_cottage, plot_house_hytiny_japanese_tea_house, plot_hytinys_cozy_tavern, plot_hytinys_redwood_cottage, plot_hytinys_sandswept_castle, plot_hytinys_starter_base, plot_hytinys_witch_hut, plot_inn, plot_jimmys_large_house, plot_jimmys_school, plot_jimmys_windmill, plot_jtmessenger_s_warehouse, plot_lonestar_144_s_guard_tower, plot_lumbermill, plot_market_stall, plot_miners_hut, plot_park, plot_player_shop, plot_restaurant, plot_town_hall, plot_wall_gate, plot_wall_segment, plot_wall_tower_eastdoor_ns, plot_wall_tower_eastdoor_sw, plot_wall_tower_endcap_s, plot_wall_tower_outercorner_se, plot_tourist_portal, plot_guild_hall, plot_community_0860c172_armory, plot_community_0860c172_gaia_altar_big], dialogue=[aetherhaven_bard, aetherhaven_blacksmith, aetherhaven_builder, aetherhaven_chef, aetherhaven_clown, aetherhaven_clown_rescue, aetherhaven_crystal_keeper, aetherhaven_crystal_keeper_rescue, aetherhaven_elder, aetherhaven_farmer, aetherhaven_festival_carnival_balloon, aetherhaven_festival_carnival_merchant, aetherhaven_festival_carnival_whack, aetherhaven_festival_carnival_wheel, aetherhaven_festival_hallows_eve_merchant, aetherhaven_festival_pig_race_merchant, aetherhaven_festival_seed_seller, aetherhaven_festival_snowball_merchant, aetherhaven_festival_tree_climb_attendant, aetherhaven_festival_tree_climb_merchant, aetherhaven_festival_wintertide_gift, aetherhaven_festival_wintertide_incoming, aetherhaven_festival_wintertide_merchant, aetherhaven_festival_wintertide_player_gift, aetherhaven_florist, aetherhaven_furniture_merchant, aetherhaven_guard, aetherhaven_guild_adventurer, aetherhaven_guild_master, aetherhaven_inn_welcome, aetherhaven_logger, aetherhaven_merchant, aetherhaven_miner, aetherhaven_player_birthday_incoming, aetherhaven_priestess, aetherhaven_pyrotechnic, aetherhaven_pyrotechnic_rescue, aetherhaven_rancher, aetherhaven_tourist, aetherhaven_townsfolk_generic, aetherhaven_visitor_elder, aetherhaven_visitor_generic, aetherhaven_visitor_inn], quests=[q_house_bard, q_house_blacksmith, q_house_builder, q_house_chef, q_house_clown, q_house_crystal_keeper, q_house_elder, q_house_farmer, q_house_florist, q_house_furniture_merchant, q_house_guard, q_house_guild_master, q_house_innkeeper, q_house_logger, q_house_merchant, q_house_miner, q_house_priestess, q_house_pyrotechnic, q_house_rancher, q_house_townsfolk, q_barn, q_blacksmith_shop, q_build_guild_hall, q_build_inn, q_build_town_hall, q_builders_hut, q_chef_restaurant, q_clown_rescue, q_clown_tent, q_crystal_keeper_rescue, q_crystal_keepers_shop, q_farm_plot, q_festival_square, q_florist_shop, q_furniture_shop, q_gaia_altar, q_lumbermill, q_merchant_stall, q_miners_hut, q_park_plot, q_player_shop, q_priestess_gaia_draught, q_pyrotechnic_rescue, q_pyrotechnic_shop, q_tourist_portal, q_intro_aetherhaven], villagerDefs=[Aetherhaven_Bard, Aetherhaven_Blacksmith, Aetherhaven_Builder, Aetherhaven_Chef, Aetherhaven_Clown, Aetherhaven_Crystal_Keeper, Aetherhaven_Elder_Lyren, Aetherhaven_Farmer, Aetherhaven_Florist, Aetherhaven_Furniture_Merchant, Aetherhaven_Guild_Master, Aetherhaven_Innkeeper, Aetherhaven_Logger, Aetherhaven_Merchant, Aetherhaven_Miner, Aetherhaven_Priestess, Aetherhaven_Pyrotechnic, Aetherhaven_Rancher], villagerSchedules=loaded)[m
[m[2026/09/18 18:38:45   INFO]              [PropPrefabCache] Invalidated prefab LPF cache for 33 prop(s)[m
[m[2026/09/18 18:38:45   INFO]                       [Hytale] Loading common assets from: /[m
[m[2026/09/18 18:38:45   INFO]          [CommonAssetModule|P] Took 1ms 277us 569ns to walk file tree and load 0 assets.[m
[33m[2026/09/18 18:38:45   WARN]          [CommonAssetModule|P] Duplicated Asset Count: 1004[m
[m[2026/09/18 18:38:45   INFO]                       [Hytale] Loading common assets phase completed! Boot time 1ms 336us 740ns, Took 1ms 323us 888ns[m
[m[2026/09/18 18:38:45   INFO]                 [I18nModule|P] Loaded 3494 entries for 'zh-TW' from /Server/Languages[m
[m[2026/09/18 18:38:45   INFO]                 [I18nModule|P] Loaded 3494 entries for 'zh-CN' from /Server/Languages[m
[m[2026/09/18 18:38:45   INFO]                 [I18nModule|P] Loaded 3494 entries for 'uk-UA' from /Server/Languages[m
[m[2026/09/18 18:38:45   INFO]                 [I18nModule|P] Loaded 3494 entries for 'tr-TR' from /Server/Languages[m
[m[2026/09/18 18:38:45   INFO]                 [I18nModule|P] Loaded 3494 entries for 'ru-RU' from /Server/Languages[m
[m[2026/09/18 18:38:45   INFO]                 [I18nModule|P] Loaded 3519 entries for 'pt-BR' from /Server/Languages[m
[m[2026/09/18 18:38:45   INFO]                 [I18nModule|P] Loaded 3494 entries for 'ko-KR' from /Server/Languages[m
[m[2026/09/18 18:38:45   INFO]                 [I18nModule|P] Loaded 3494 entries for 'ja-JP' from /Server/Languages[m
[m[2026/09/18 18:38:45   INFO]                 [I18nModule|P] Loaded 3494 entries for 'fr-FR' from /Server/Languages[m
[m[2026/09/18 18:38:45   INFO]                 [I18nModule|P] Loaded 3494 entries for 'es-ES' from /Server/Languages[m
[m[2026/09/18 18:38:45   INFO]                 [I18nModule|P] Loaded 3519 entries for 'es-419' from /Server/Languages[m
[33m[2026/09/18 18:38:45   WARN]               [LangFileParser] /Server/Languages/en-US/aetherhaven_ui_shell.lang:90: duplicate translation key 'aetherhaven.ui.gaiaStatue.reviveTab', keeping the first definition[m
[33m[2026/09/18 18:38:45   WARN]               [LangFileParser] /Server/Languages/en-US/aetherhaven_ui_shell.lang:91: duplicate translation key 'aetherhaven.ui.gaiaStatue.appearanceTab', keeping the first definition[m
[33m[2026/09/18 18:38:45   WARN]               [LangFileParser] /Server/Languages/en-US/aetherhaven_ui_shell.lang:92: duplicate translation key 'aetherhaven.ui.gaiaStatue.appearanceHint', keeping the first definition[m
[33m[2026/09/18 18:38:45   WARN]               [LangFileParser] /Server/Languages/en-US/aetherhaven_ui_shell.lang:93: duplicate translation key 'aetherhaven.ui.gaiaStatue.appearancePermission', keeping the first definition[m
[33m[2026/09/18 18:38:45   WARN]               [LangFileParser] /Server/Languages/en-US/aetherhaven_ui_shell.lang:94: duplicate translation key 'aetherhaven.ui.gaiaStatue.appearanceFooter', keeping the first definition[m
[33m[2026/09/18 18:38:45   WARN]               [LangFileParser] /Server/Languages/en-US/aetherhaven_ui_shell.lang:95: duplicate translation key 'aetherhaven.ui.gaiaStatue.appearanceFailed', keeping the first definition[m
[33m[2026/09/18 18:38:45   WARN]               [LangFileParser] /Server/Languages/en-US/aetherhaven_ui_shell.lang:96: duplicate translation key 'aetherhaven.ui.gaiaStatue.selected', keeping the first definition[m
[33m[2026/09/18 18:38:45   WARN]               [LangFileParser] /Server/Languages/en-US/aetherhaven_ui_shell.lang:97: duplicate translation key 'aetherhaven.ui.gaiaStatue.select', keeping the first definition[m
[m[2026/09/18 18:38:45   INFO]                 [I18nModule|P] Loaded 6332 entries for 'en-US' from /Server/Languages[m
[m[2026/09/18 18:38:45   INFO]                 [I18nModule|P] Loaded 3496 entries for 'de-DE' from /Server/Languages[m
[m[2026/09/18 18:38:45   INFO]                       [Hytale] Loading assets from: /Server[m
[m[2026/09/18 18:38:45   INFO]          [AssetRegistryLoader] Loading assets from /Server[m
[m[2026/09/18 18:38:45   INFO]            [CollisionModule|P] Block extents for CollisionSystem is Max=3.00000, Min=0.00000[m
[33m[2026/09/18 18:38:45   WARN]   [AssetStore|RootInteraction] Unused key(s) in '*Aetherhaven_Snowball_Pile_Interactions_Use': Hint[m
[m[2026/09/18 18:38:45   INFO]      [CompanionBlockSpawner|P] Companion block spawner: loaded 2 recipe(s)[m
[m[2026/09/18 18:38:45   INFO]      [CompanionBlockSpawner|P] Companion block spawner: loaded 2 recipe(s)[m
[m[2026/09/18 18:38:45   INFO]                 [ItemModule|P] Computed damage data for 3 of 8 weapon items[m
[m[2026/09/18 18:38:45   INFO]           [CoinRecipeRewriter] Coin recipes under galysso:obol: 23 rewritten, 0 hidden[m
[m[2026/09/18 18:38:45   INFO]          [AssetRegistryLoader] Took 102ms 10us 189ns to load all assets[m
[m[2026/09/18 18:38:45   INFO]                        [NPC|P] Starting to load builders![m
[33m[2026/09/18 18:38:45   WARN]      [AssetStore|BalanceAsset] Unused key(s) in '*Aetherhaven_World_Rancher_CombatConfig': EntityEffect[m
[33m[2026/09/18 18:38:45   WARN]      [AssetStore|BalanceAsset] Unused key(s) in '*Aetherhaven_World_Pyrotechnic_CombatConfig': EntityEffect[m
[33m[2026/09/18 18:38:45   WARN]      [AssetStore|BalanceAsset] Unused key(s) in '*Aetherhaven_World_Priestess_CombatConfig': EntityEffect[m
[33m[2026/09/18 18:38:45   WARN]      [AssetStore|BalanceAsset] Unused key(s) in '*Aetherhaven_World_Miner_CombatConfig': EntityEffect[m
[33m[2026/09/18 18:38:45   WARN]      [AssetStore|BalanceAsset] Unused key(s) in '*Aetherhaven_World_Merchant_CombatConfig': EntityEffect[m
[33m[2026/09/18 18:38:45   WARN]      [AssetStore|BalanceAsset] Unused key(s) in '*Aetherhaven_World_Logger_CombatConfig': EntityEffect[m
[33m[2026/09/18 18:38:45   WARN]      [AssetStore|BalanceAsset] Unused key(s) in '*Aetherhaven_World_Innkeeper_CombatConfig': EntityEffect[m
[33m[2026/09/18 18:38:45   WARN]      [AssetStore|BalanceAsset] Unused key(s) in '*Aetherhaven_World_Guild_Master_CombatConfig': EntityEffect[m
[33m[2026/09/18 18:38:45   WARN]      [AssetStore|BalanceAsset] Unused key(s) in '*Aetherhaven_World_Florist_CombatConfig': EntityEffect[m
[33m[2026/09/18 18:38:45   WARN]      [AssetStore|BalanceAsset] Unused key(s) in '*Aetherhaven_World_Farmer_CombatConfig': EntityEffect[m
[33m[2026/09/18 18:38:45   WARN]      [AssetStore|BalanceAsset] Unused key(s) in '*Aetherhaven_World_Elder_Lyren_CombatConfig': EntityEffect[m
[33m[2026/09/18 18:38:45   WARN]      [AssetStore|BalanceAsset] Unused key(s) in '*Aetherhaven_World_Crystal_Keeper_CombatConfig': EntityEffect[m
[33m[2026/09/18 18:38:45   WARN]      [AssetStore|BalanceAsset] Unused key(s) in '*Aetherhaven_World_Chef_CombatConfig': EntityEffect[m
[33m[2026/09/18 18:38:45   WARN]      [AssetStore|BalanceAsset] Unused key(s) in '*Aetherhaven_World_Builder_CombatConfig': EntityEffect[m
[33m[2026/09/18 18:38:45   WARN]      [AssetStore|BalanceAsset] Unused key(s) in '*Aetherhaven_World_Blacksmith_CombatConfig': EntityEffect[m
[33m[2026/09/18 18:38:45   WARN]      [AssetStore|BalanceAsset] Unused key(s) in '*Aetherhaven_World_Bard_CombatConfig': EntityEffect[m
[33m[2026/09/18 18:38:45   WARN]      [AssetStore|BalanceAsset] Unused key(s) in '*Aetherhaven_Townsfolk_CombatConfig': EntityEffect[m
[33m[2026/09/18 18:38:45   WARN]      [AssetStore|BalanceAsset] Unused key(s) in '*Aetherhaven_Rancher_CombatConfig': EntityEffect[m
[33m[2026/09/18 18:38:45   WARN]      [AssetStore|BalanceAsset] Unused key(s) in '*Aetherhaven_Pyrotechnic_Rescue_CombatConfig': EntityEffect[m
[33m[2026/09/18 18:38:45   WARN]      [AssetStore|BalanceAsset] Unused key(s) in '*Aetherhaven_Pyrotechnic_CombatConfig': EntityEffect[m
[33m[2026/09/18 18:38:45   WARN]      [AssetStore|BalanceAsset] Unused key(s) in '*Aetherhaven_Priestess_CombatConfig': EntityEffect[m
[33m[2026/09/18 18:38:45   WARN]      [AssetStore|BalanceAsset] Unused key(s) in '*Aetherhaven_Miner_CombatConfig': EntityEffect[m
[33m[2026/09/18 18:38:45   WARN]      [AssetStore|BalanceAsset] Unused key(s) in '*Aetherhaven_Merchant_CombatConfig': EntityEffect[m
[33m[2026/09/18 18:38:45   WARN]      [AssetStore|BalanceAsset] Unused key(s) in '*Aetherhaven_Logger_CombatConfig': EntityEffect[m
[33m[2026/09/18 18:38:45   WARN]      [AssetStore|BalanceAsset] Unused key(s) in '*Aetherhaven_Innkeeper_CombatConfig': EntityEffect[m
[33m[2026/09/18 18:38:45   WARN]      [AssetStore|BalanceAsset] Unused key(s) in '*Aetherhaven_Guild_Master_CombatConfig': EntityEffect[m
[33m[2026/09/18 18:38:45   WARN]      [AssetStore|BalanceAsset] Unused key(s) in '*Aetherhaven_Furniture_Merchant_CombatConfig': EntityEffect[m
[33m[2026/09/18 18:38:45   WARN]      [AssetStore|BalanceAsset] Unused key(s) in '*Aetherhaven_Florist_CombatConfig': EntityEffect[m
[33m[2026/09/18 18:38:45   WARN]      [AssetStore|BalanceAsset] Unused key(s) in '*Aetherhaven_Festival_Wintertide_Merchant_CombatConfig': EntityEffect[m
[33m[2026/09/18 18:38:45   WARN]      [AssetStore|BalanceAsset] Unused key(s) in '*Aetherhaven_Festival_Tree_Climb_Merchant_CombatConfig': EntityEffect[m
[33m[2026/09/18 18:38:45   WARN]      [AssetStore|BalanceAsset] Unused key(s) in '*Aetherhaven_Festival_Tree_Climb_Attendant_CombatConfig': EntityEffect[m
[33m[2026/09/18 18:38:45   WARN]      [AssetStore|BalanceAsset] Unused key(s) in '*Aetherhaven_Festival_Snowball_Merchant_CombatConfig': EntityEffect[m
[33m[2026/09/18 18:38:45   WARN]      [AssetStore|BalanceAsset] Unused key(s) in '*Aetherhaven_Festival_Seed_Seller_CombatConfig': EntityEffect[m
[33m[2026/09/18 18:38:45   WARN]      [AssetStore|BalanceAsset] Unused key(s) in '*Aetherhaven_Festival_Pig_Race_Wild_CombatConfig': EntityEffect[m
[33m[2026/09/18 18:38:45   WARN]      [AssetStore|BalanceAsset] Unused key(s) in '*Aetherhaven_Festival_Pig_Race_Undead_CombatConfig': EntityEffect[m
[33m[2026/09/18 18:38:45   WARN]      [AssetStore|BalanceAsset] Unused key(s) in '*Aetherhaven_Festival_Pig_Race_Pink_CombatConfig': EntityEffect[m
[33m[2026/09/18 18:38:45   WARN]      [AssetStore|BalanceAsset] Unused key(s) in '*Aetherhaven_Festival_Pig_Race_Merchant_CombatConfig': EntityEffect[m
[33m[2026/09/18 18:38:45   WARN]      [AssetStore|BalanceAsset] Unused key(s) in '*Aetherhaven_Festival_Pig_Race_Boar_CombatConfig': EntityEffect[m
[33m[2026/09/18 18:38:45   WARN]      [AssetStore|BalanceAsset] Unused key(s) in '*Aetherhaven_Festival_Lettuce_CombatConfig': EntityEffect[m
[33m[2026/09/18 18:38:45   WARN]      [AssetStore|BalanceAsset] Unused key(s) in '*Aetherhaven_Festival_Jack_Lantern_CombatConfig': EntityEffect[m
[33m[2026/09/18 18:38:45   WARN]      [AssetStore|BalanceAsset] Unused key(s) in '*Aetherhaven_Festival_Hallows_Eve_Merchant_CombatConfig': EntityEffect[m
[33m[2026/09/18 18:38:45   WARN]      [AssetStore|BalanceAsset] Unused key(s) in '*Aetherhaven_Festival_Hallows_Eve_Bat_CombatConfig': EntityEffect[m
[33m[2026/09/18 18:38:45   WARN]      [AssetStore|BalanceAsset] Unused key(s) in '*Aetherhaven_Festival_Carnival_Wheel_CombatConfig': EntityEffect[m
[33m[2026/09/18 18:38:45   WARN]      [AssetStore|BalanceAsset] Unused key(s) in '*Aetherhaven_Festival_Carnival_Whack_CombatConfig': EntityEffect[m
[33m[2026/09/18 18:38:45   WARN]      [AssetStore|BalanceAsset] Unused key(s) in '*Aetherhaven_Festival_Carnival_Merchant_CombatConfig': EntityEffect[m
[33m[2026/09/18 18:38:45   WARN]      [AssetStore|BalanceAsset] Unused key(s) in '*Aetherhaven_Festival_Carnival_Balloon_CombatConfig': EntityEffect[m
[33m[2026/09/18 18:38:45   WARN]      [AssetStore|BalanceAsset] Unused key(s) in '*Aetherhaven_Farmer_CombatConfig': EntityEffect[m
[33m[2026/09/18 18:38:45   WARN]      [AssetStore|BalanceAsset] Unused key(s) in '*Aetherhaven_Elder_Lyren_CombatConfig': EntityEffect[m
[33m[2026/09/18 18:38:45   WARN]      [AssetStore|BalanceAsset] Unused key(s) in '*Aetherhaven_Crystal_Keeper_Rescue_CombatConfig': EntityEffect[m
[33m[2026/09/18 18:38:45   WARN]      [AssetStore|BalanceAsset] Unused key(s) in '*Aetherhaven_Crystal_Keeper_CombatConfig': EntityEffect[m
[33m[2026/09/18 18:38:45   WARN]      [AssetStore|BalanceAsset] Unused key(s) in '*Aetherhaven_Clown_Rescue_CombatConfig': EntityEffect[m
[33m[2026/09/18 18:38:45   WARN]      [AssetStore|BalanceAsset] Unused key(s) in '*Aetherhaven_Clown_CombatConfig': EntityEffect[m
[33m[2026/09/18 18:38:45   WARN]      [AssetStore|BalanceAsset] Unused key(s) in '*Aetherhaven_Chef_CombatConfig': EntityEffect[m
[33m[2026/09/18 18:38:45   WARN]      [AssetStore|BalanceAsset] Unused key(s) in '*Aetherhaven_Builder_CombatConfig': EntityEffect[m
[33m[2026/09/18 18:38:45   WARN]      [AssetStore|BalanceAsset] Unused key(s) in '*Aetherhaven_Blacksmith_CombatConfig': EntityEffect[m
[33m[2026/09/18 18:38:45   WARN]      [AssetStore|BalanceAsset] Unused key(s) in '*Aetherhaven_Bard_CombatConfig': EntityEffect[m
[m[2026/09/18 18:38:45   INFO]                        [NPC|P] Validating loaded configurations...[m
[33m[2026/09/18 18:38:45   WARN]                        [NPC|P] Animation Swipe does not exist for model Goblin![m
[33m[2026/09/18 18:38:45   WARN]                        [NPC|P] Animation Idle does not exist for model Tuluk_Fisherman![m
[33m[2026/09/18 18:38:45   WARN]                        [NPC|P] Animation Swipe does not exist for model Goblin_Ogre![m
[33m[2026/09/18 18:38:45   WARN]                        [NPC|P] Animation Throw does not exist for model Goblin_Ogre![m
[33m[2026/09/18 18:38:45   WARN]                        [NPC|P] Animation Moo does not exist for model Bison_Calf![m
[33m[2026/09/18 18:38:45   WARN]                        [NPC|P] Animation Sleep does not exist for model Slug_Magma![m
[33m[2026/09/18 18:38:45   WARN]                        [NPC|P] Animation Alerted does not exist for model Slug_Magma![m
[33m[2026/09/18 18:38:45   WARN]                        [NPC|P] Animation Laydown does not exist for model Slug_Magma![m
[33m[2026/09/18 18:38:45   WARN]                        [NPC|P] Animation Wake does not exist for model Slug_Magma![m
[33m[2026/09/18 18:38:45   WARN]                        [NPC|P] Animation Alerted does not exist for model Kweebec_Rootling![m
[33m[2026/09/18 18:38:45   WARN]                        [NPC|P] Animation Eat does not exist for model Spark_Living![m
[33m[2026/09/18 18:38:45   WARN]                        [NPC|P] Animation Sleep does not exist for model Wraith_Lantern![m
[33m[2026/09/18 18:38:45   WARN]                        [NPC|P] Animation Alerted does not exist for model Wraith_Lantern![m
[33m[2026/09/18 18:38:45   WARN]                        [NPC|P] Animation Laydown does not exist for model Wraith_Lantern![m
[33m[2026/09/18 18:38:45   WARN]                        [NPC|P] Animation Wake does not exist for model Wraith_Lantern![m
[33m[2026/09/18 18:38:45   WARN]                        [NPC|P] Animation Eat does not exist for model Hatworm![m
[33m[2026/09/18 18:38:45   WARN]                        [NPC|P] Animation Alerted does not exist for model Scarak_Broodmother![m
[33m[2026/09/18 18:38:45   WARN]                        [NPC|P] Animation Alerted does not exist for model Scarak_Broodmother![m
[33m[2026/09/18 18:38:45   WARN]                        [NPC|P] Animation Eat does not exist for model Lizard_Sand![m
[33m[2026/09/18 18:38:45   WARN]                        [NPC|P] Animation Alerted does not exist for model Scarak_Broodmother![m
[33m[2026/09/18 18:38:45   WARN]                        [NPC|P] Animation Eat does not exist for model Trillodon![m
[m[2026/09/18 18:38:45   INFO]                        [NPC|P] Validation complete.[m
[m[2026/09/18 18:38:45   INFO]                        [NPC|P] Loaded 0 NPC configurations, Component: 17, Abstract: 1, Variant: 3, Generic: 60[m
[m[2026/09/18 18:38:45   INFO]                       [Hytale] Loading common assets from: /[m
[m[2026/09/18 18:38:45   INFO]          [CommonAssetModule|P] Took 1ms 371us 286ns to walk file tree and load 0 assets.[m
[33m[2026/09/18 18:38:45   WARN]          [CommonAssetModule|P] Duplicated Asset Count: 1004[m
[m[2026/09/18 18:38:45   INFO]                       [Hytale] Loading common assets phase completed! Boot time 1ms 448us 554ns, Took 1ms 428us 501ns[m
[m[2026/09/18 18:38:45   INFO]              [LootrReflection] Lootr hook waiting: Lootr:Lootr plugin not in PluginManager.[m
[m[2026/09/18 18:38:45   INFO]      [Loot4EveryoneReflection] Loot4Everyone hook waiting: MimStar:Loot4Everyone plugin not in PluginManager.[m
[m[2026/09/18 18:38:45   INFO]            [AetherhavenPlugin] Aetherhaven constructions loaded: [plot_jimmys_builders_workshop, plot_jimmys_church, plot_jimmys_house, plot_jimmys_house_2, plot_jimmys_house_3, plot_jimmys_house_4, plot_jimmys_lumbermill, plot_jimmys_tavern, plot_jimmys_town_hall, plot_jszzas_church, plot_jszzas_clock_tower, plot_jszzas_guard_tower_1, plot_jszzas_guard_tower_2, plot_jszzas_guardian_angel, plot_jszzas_hot_air_balloon, plot_jszzas_house, plot_jszzas_mine, plot_jszzas_small_castle, plot_jszzas_tavern, plot_jszzas_town_hall, plot_jszzas_windmill, plot_jszzas_wizard_tower, plot_stormwind_barn, plot_stormwind_blacksmith, plot_stormwind_construction_co, plot_stormwind_crystal_shop, plot_stormwind_explosion_inc, plot_stormwind_farm, plot_stormwind_flower_shop, plot_stormwind_general_store, plot_stormwind_guild_hall, plot_stormwind_inn, plot_stormwind_lumbermill, plot_stormwind_mine, plot_stormwind_player_shop, plot_stormwind_portal, plot_stormwind_restaurant, plot_stormwind_temple, plot_stormwind_town_hall, plot_stormwind_townhouse, plot_stormwind_townhouse_left_corner, plot_stormwind_townhouse_right_corner, plot_barn, plot_barn_hytiny, plot_blacksmith_shop, plot_bomb_shop, plot_builders_hut, plot_clown_tent, plot_crystal_keepers_shop, plot_decoration_hytiny_potted_treehouse, plot_farm, plot_festival_square, plot_flower_shop, plot_furniture_shop, plot_gaia_altar, plot_house, plot_house_hytiny_cozy_camper, plot_house_hytiny_cozy_cottage, plot_house_hytiny_japanese_tea_house, plot_hytinys_cozy_tavern, plot_hytinys_redwood_cottage, plot_hytinys_sandswept_castle, plot_hytinys_starter_base, plot_hytinys_witch_hut, plot_inn, plot_jimmys_large_house, plot_jimmys_school, plot_jimmys_windmill, plot_jtmessenger_s_warehouse, plot_lonestar_144_s_guard_tower, plot_lumbermill, plot_market_stall, plot_miners_hut, plot_park, plot_player_shop, plot_restaurant, plot_town_hall, plot_wall_gate, plot_wall_segment, plot_wall_tower_eastdoor_ns, plot_wall_tower_eastdoor_sw, plot_wall_tower_endcap_s, plot_wall_tower_outercorner_se, plot_tourist_portal, plot_guild_hall, plot_community_0860c172_armory, plot_community_0860c172_gaia_altar_big][m
[m[2026/09/18 18:38:45   INFO]                [PluginManager] Enabled plugin Hexvane:Aetherhaven[m
[m[2026/09/18 18:38:45   INFO]                [PluginManager] Enabled plugin Galysso:obol-lootbag[m
[m[2026/09/18 18:38:45   INFO]                [PluginManager] Enabled plugin Galysso:obol-aetherhaven[m
[m[2026/09/18 18:38:45   INFO]                 [HytaleServer] Plugin manager started! Startup time so far: 8sec 384ms 23us 241ns[m
[m[2026/09/18 18:38:45   INFO]                 [HytaleServer] Getting Hytale Universe ready...[m
[m[2026/09/18 18:38:45   INFO]               [WorldGenerator] Initialized ChunkGenerator-0 executor[m
[m[2026/09/18 18:38:45   INFO]               [WorldGenerator] Found location for unique zone 'Zone1_Spawn' -> Position: {-142, -263}, Score: 78.95%, Time: 1ms[m
[m[2026/09/18 18:38:45   INFO]               [WorldGenerator] Found location for unique zone 'Zone1_Temple' -> Position: {103, -217}, Score: 81.41%, Time: 0ms[m
[m[2026/09/18 18:38:45   INFO]             [CorePrefabWarmup] Warmed 7 core construction prefab(s)[m
[m[2026/09/18 18:38:45   INFO]              [World|default|M] Initializing world map generator: com.hypixel.hytale.server.worldgen.map.GeneratorChunkWorldMap@6cc812a9[m
[m[2026/09/18 18:38:45   INFO]              [World|default|M] Generating Points of Interest...[m
[m[2026/09/18 18:38:45   INFO]              [World|default|M] Finished Generating Points of Interest![m
[m[2026/09/18 18:38:45   INFO]                 [PointsPlugin] Loaded 0 points for world 'default'[m
[m[2026/09/18 18:38:45   INFO]         [TriggerVolumesPlugin] Loaded 0 trigger volumes and 0 groups for world 'default'[m
[m[2026/09/18 18:38:45   INFO]                  [TownManager] Aetherhaven loaded 1 towns for world default from mods/Hexvane_Aetherhaven/worlds/default/towns.json[m
[m[2026/09/18 18:38:45   INFO]                   [Teleport|P] Loaded 0 warps (No warps.json found)[m
[m[2026/09/18 18:38:45   INFO]                 [HytaleServer] Universe ready![m
[m[2026/09/18 18:38:45   INFO]              [TelemetryModule] Sending server start telemetry...[m
[m[2026/09/18 18:38:45   INFO]                [AssetModule|P] Total Loaded Assets: Interaction: 7853, BlockType: 5854, RootInteraction: 5767, Item: 3934, ParticleSpawner: 2100, CraftingRecipe: 2050, SoundEvent: 1568, ItemDropList: 965, ParticleSystem: 843, MusicContainer: 582, ModelAsset: 553, BlockBoundingBoxes: 259, SpawnMarker: 246, Condition: 235, AmbienceFX: 219, ItemPlayerAnimations: 209, ResourceType: 181, TagPattern: 177, EntityEffect: 174, Environment: 123, BalanceAsset: 121, AssignmentsAsset: 118, ProjectileConfig: 117, AudioCategory: 104, WorldNPCSpawn: 96, CombatActionOption: 89, Weather: 88, Projectile: 87, BeaconNPCSpawn: 85, PrefabListAsset: 77, NPCGroup: 76, BiomeAsset: 75, Trail: 59, FlockAsset: 58, BlockSet: 58, BlockSoundSet: 57, CameraShake: 49, CameraEffect: 49, BlockSpawnerTable: 46, BlockGroup: 43, ScriptedBrushAsset: 39, ModelVFX: 37, ItemSoundSet: 36, BlockParticleSet: 30, ReverbEffect: 29, AttitudeGroup: 28, BarterShopAsset: 23, DensityAsset: 18, ItemToolSpec: 17, Fluid: 16, WorldStructureAsset: 15, DamageCause: 15, MacroCommandBuilder: 14, EntityStatType: 13, BlockTypeListAsset: 13, ViewBobbing: 12, ResponseCurve: 12, ItemQuality: 12, PhysicalMaterial: 12, ObjectiveAsset: 12, CustomConnectedBlockTemplateAsset: 11, BlockMigration: 11, GameplayConfig: 6, ItemCategory: 5, FluidFX: 5, PortalType: 5, GameModeType: 5, GrowthModifierAsset: 4, BlockBreakingDecal: 4, MovementConfig: 4, ObjectiveLocationMarkerAsset: 4, SpawnSuppression: 3, EqualizerEffect: 3, HitboxCollisionConfig: 3, ItemReticleConfig: 3, AudioState: 3, UnarmedInteractions: 3, RepulsionConfig: 2, EntityUIComponent: 2, ObjectiveLineAsset: 2, WorldEventAsset: 2, CompanionBlockSpawnerRecipe: 2, SoundSet: 2, StageAsset: 2, PositionProviderAsset: 1, PropAsset: 1, ReachLocationMarkerAsset: 1, FieldcraftCategory: 1, FarmingCoopAsset: 1, BuilderToolItemReferenceAsset: 1, WordList: 1, PrefabEditorCreationSettings: 1, SettingsAsset: 1, GraphPassAsset: 1, PropDistributionAsset: 1, GraphGeneratorAsset: 1, ItemAttitudeGroup: 1, ContentPredicateAsset: 1, ContentSupplierAsset: 1, TriggerEffectAsset: 1, WorldGenModifier: 1, ShopAsset: 0, BlockMaskAsset: 0, PatternedConnectedBlockRuleSetAsset: 0, ReputationGroup: 0, EmoteAsset: 0, ReputationRank: 0, DeployableSpawner: 0[m
[m[2026/09/18 18:38:45   INFO] [FounderMonumentStatueRestoreSystem] Founder monument: queue scan for default booted=true[m
[m[2026/09/18 18:38:45   INFO]                 [HytaleServer] [0;32m===============================================================================================[m
[m[2026/09/18 18:38:45   INFO]                 [HytaleServer] [0;32m         Hytale Server Booted! [Multiplayer] took 8sec 514ms 897us 621ns[m
[m[2026/09/18 18:38:45   INFO]                 [HytaleServer] [0;32m===============================================================================================[m
[m[2026/09/18 18:38:45   INFO] [FounderMonumentStatueRestoreSystem] Founder monument: no monument blocks loaded in default yet[m
[m[2026/09/18 18:38:54   INFO]             [LiveConfigModule] LiveConfig updated: version=c3e5c8e97fa3dc91b1463b44bf5542b476a98692c9cd06485fa02bd68f8e8489:v=0.6.7, 6 flag(s)[m
[m[2026/09/18 18:39:33   INFO]            [PathWatcherThread] Stopped polling for changes in assets. Server will need to be rebooted to load changes![m
[m[2026/09/18 18:39:35   INFO]    [AssetStore|ParticleSystem] Removing deleted assets: [/mnt/HOME/PROJETS/Hytale/obol/compat/aetherhaven/build/hytale-vine-runtime/classpath/Aetherhaven-3.2.0/subplugin-packs/Rts/Server/Particles/Aetherhaven/Rts/Aetherhaven_Rts_SelectBox_Dot.particlesystem, /mnt/HOME/PROJETS/Hytale/obol/compat/aetherhaven/build/hytale-vine-runtime/classpath/Aetherhaven-3.2.0/subplugin-packs/Rts/Server/Particles/Aetherhaven/Rts/Aetherhaven_Rts_Orb_Grey.particlesystem, /mnt/HOME/PROJETS/Hytale/obol/compat/aetherhaven/build/hytale-vine-runtime/classpath/Aetherhaven-3.2.0/subplugin-packs/Rts/Server/Particles/Aetherhaven/Rts/Aetherhaven_Rts_Orb_Blue.particlesystem, /mnt/HOME/PROJETS/Hytale/obol/compat/aetherhaven/build/hytale-vine-runtime/classpath/Aetherhaven-3.2.0/subplugin-packs/Rts/Server/Particles/Aetherhaven/Rts/Aetherhaven_Rts_Orb_Red.particlesystem][m
[m[2026/09/18 18:39:35   INFO]    [AssetStore|ParticleSystem] Removed 4 (839 total) of ParticleSystem via removeAssets in 1ms 765us 915ns[m
[m[2026/09/18 18:39:35   INFO]   [AssetStore|ParticleSpawner] Removing deleted assets: [/mnt/HOME/PROJETS/Hytale/obol/compat/aetherhaven/build/hytale-vine-runtime/classpath/Aetherhaven-3.2.0/subplugin-packs/Rts/Server/Particles/Aetherhaven/Rts/Aetherhaven_Rts_Orb_Red_Spawner.particlespawner, /mnt/HOME/PROJETS/Hytale/obol/compat/aetherhaven/build/hytale-vine-runtime/classpath/Aetherhaven-3.2.0/subplugin-packs/Rts/Server/Particles/Aetherhaven/Rts/Aetherhaven_Rts_Orb_Grey_Spawner.particlespawner, /mnt/HOME/PROJETS/Hytale/obol/compat/aetherhaven/build/hytale-vine-runtime/classpath/Aetherhaven-3.2.0/subplugin-packs/Rts/Server/Particles/Aetherhaven/Rts/Aetherhaven_Rts_Move_Marker_Spawner.particlespawner, /mnt/HOME/PROJETS/Hytale/obol/compat/aetherhaven/build/hytale-vine-runtime/classpath/Aetherhaven-3.2.0/subplugin-packs/Rts/Server/Particles/Aetherhaven/Rts/Aetherhaven_Rts_Orb_Blue_Spawner.particlespawner, /mnt/HOME/PROJETS/Hytale/obol/compat/aetherhaven/build/hytale-vine-runtime/classpath/Aetherhaven-3.2.0/subplugin-packs/Rts/Server/Particles/Aetherhaven/Rts/Aetherhaven_Rts_Move_Rise_Spawner.particlespawner, /mnt/HOME/PROJETS/Hytale/obol/compat/aetherhaven/build/hytale-vine-runtime/classpath/Aetherhaven-3.2.0/subplugin-packs/Rts/Server/Particles/Aetherhaven/Rts/Aetherhaven_Rts_Move_Ring_Spawner.particlespawner, /mnt/HOME/PROJETS/Hytale/obol/compat/aetherhaven/build/hytale-vine-runtime/classpath/Aetherhaven-3.2.0/subplugin-packs/Rts/Server/Particles/Aetherhaven/Rts/Aetherhaven_Rts_SelectBox_Dot_Spawner.particlespawner][m
[m[2026/09/18 18:39:35   INFO]   [AssetStore|ParticleSpawner] Removed 7 (2093 total) of ParticleSpawner via removeAssets in 50us 985ns[m
